province,city,district,address,school
安徽,合肥市,蜀山区,安徽省合肥市蜀山区黄山路443号,中国科学技术大学
安徽,合肥市,包河区,安徽省合肥市包河区屯溪路193号,合肥工业大学
安徽,宣城市,宣州区,安徽省宣城市宣州区宣城园区宁宣路199号,合肥工业大学(宣城校区)
安徽,合肥市,蜀山区,安徽省合肥市蜀山区九龙路63号,安徽大学
安徽,芜湖市,弋江区,安徽省芜湖市弋江区北京中路1号,安徽师范大学
安徽,合肥市,蜀山区,安徽省合肥市蜀山区梅山路81号,安徽医科大学
安徽,合肥市,蜀山区,安徽省合肥市蜀山区长江西路130号,安徽农业大学
安徽,合肥市,蜀山区,安徽省合肥市蜀山区翡翠路229号,安徽工业大学
安徽,淮南市,田家庵区,安徽省淮南市田家庵区洞山中路168号,安徽理工大学
安徽,蚌埠市,龙子湖区,安徽省蚌埠市龙子湖区曹山路962号,安徽财经大学
安徽,合肥市,包河区,安徽省合肥市包河区长江西路292号,安徽建筑大学
安徽,芜湖市,弋江区,安徽省芜湖市弋江区文津西路8号,安徽工程大学
安徽,合肥市,蜀山区,安徽省合肥市蜀山区望江西路15号,合肥大学
安徽,安庆市,宜秀区,安徽省安庆市宜秀区集贤北路1318号,安庆师范大学
安徽,淮北市,相山区,安徽省淮北市相山区东山路100号,淮北师范大学
安徽,合肥市,蜀山区,安徽省合肥市蜀山区梅山路103号,安徽中医药大学
安徽,蚌埠市,龙子湖区,安徽省蚌埠市龙子湖区长淮路287号,蚌埠医科大学
安徽,合肥市,蜀山区,安徽省合肥市蜀山区望江西路56号,安徽科技学院
安徽,芜湖市,弋江区,安徽省芜湖市弋江区赭山西路35号,皖南医学院
安徽,合肥市,庐阳区,安徽省合肥市庐阳区永红路,合肥师范学院
安徽,阜阳市,颍州区,安徽省阜阳市颍州区清河西路100号,阜阳师范大学
安徽,滁州市,琅琊区,安徽省滁州市琅琊区丰乐大道1491号,滁州学院
安徽,亳州市,谯城区,安徽省亳州市谯城区汤王大道1000号,亳州学院
安徽,六安市,裕安区,安徽省六安市裕安区皖西路1号,皖西学院
安徽,淮南市,田家庵区,安徽省淮南市田家庵区舜耕中路3号,淮南师范学院
安徽,宿州市,埇桥区,安徽省宿州市埇桥区磬云路宿州学院,宿州学院
安徽,黄山市,屯溪区,安徽省黄山市屯溪区戴震路44号,黄山学院
安徽,蚌埠市,龙子湖区,安徽省蚌埠市龙子湖区曹山路1866号,蚌埠学院
安徽,巢湖市,居巢区,安徽省合肥市巢湖市巢湖经济开发区,巢湖学院
安徽,池州市,贵池区,安徽省池州市贵池区学院路1号,池州学院
安徽,铜陵市,铜官区,安徽省铜陵市铜官区翠湖二路,铜陵学院
安徽,芜湖市,镜湖区,安徽省芜湖市镜湖区文化路8号,芜湖学院
安徽,合肥市,经开区,安徽省合肥市经开区锦绣大道375号,安徽信息工程学院
安徽,蚌埠市,禹会区,安徽省蚌埠市禹会区东海大道7100号,蚌埠工商学院
安徽,淮南市,田家庵区,安徽省淮南市田家庵区泉山路1号,阜阳理工学院
安徽,合肥市,新站区,安徽省合肥市新站区学府路1号,合肥经济学院
安徽,合肥市,蜀山区,安徽省合肥市蜀山区望江西路1166号,安徽医科大学临床医学院
安徽,合肥市,巢湖市,安徽省合肥市巢湖市书香路科教园区,合肥城市学院
安徽,合肥市,蜀山区,安徽省合肥市蜀山区望江西路1号,安徽艺术学院
安徽,马鞍山市,当涂县,安徽省马鞍山市当涂县姑孰镇黄池路8号,马鞍山学院
安徽,合肥市,蜀山区,安徽省合肥市蜀山区望江西路555号,安徽新华学院
安徽,合肥市,肥东县,安徽省合肥市肥东县撮镇路399号,安徽三联学院
安徽,合肥市,肥西县,安徽省合肥市肥西县桃花工业园,安徽文达信息工程学院
安徽,合肥市,蜀山区,安徽省合肥市蜀山区望江西路399号,安徽外国语学院
安徽,合肥市,蜀山区,安徽省合肥市蜀山区望江西路666号,解放军电子工程学院
安徽,合肥市,蜀山区,安徽省合肥市蜀山区望江西路999号,陆军炮兵防空兵学院
安徽,合肥市,经开区,安徽省合肥市经开区锦绣大道375号,安徽信息工程学院
安徽,安庆市,宜秀区,安徽省安庆市宜秀区北部新城学院路8号,安徽黄梅戏艺术职业学院
安徽,蚌埠市,禹会区,安徽省蚌埠市固镇路中段,蚌埠经济技术职业学院
安徽,合肥市,经开区,安徽省合肥市经开区繁华大道220号,安徽新闻出版职业技术学院
安徽,合肥市,蜀山区,安徽省合肥市蜀山区望江西路288号,安徽艺术职业学院
安徽,亳州市,谯城区,安徽省亳州市谯城区药都路1625号,亳州职业技术学院
安徽,合肥市,蜀山区,安徽省合肥市蜀山区文忠路与学府路交口,安徽广播影视职业技术学院
安徽,宿州市,埇桥区,安徽省宿州市埇桥区206国道,宿州职业技术学院
安徽,合肥市,肥东县,安徽省合肥市肥东县店埠镇,安徽水利水电职业技术学院
安徽,芜湖市,弋江区,安徽省芜湖市弋江区文昌西路46号,安徽中医药高等专科学校
安徽,合肥市,蜀山区,安徽省合肥市蜀山区望江西路77号,安徽医学高等专科学校
安徽,合肥市,包河区,安徽省合肥市包河区东流路9号,安徽审计职业学院
安徽,芜湖市,弋江区,安徽省芜湖市弋江区文津西路201号,芜湖职业技术学院
安徽,合肥市,蜀山区,安徽省合肥市蜀山区望江西路388号,安徽职业技术学院
安徽,阜阳市,颍州区,安徽省阜阳市颍州区清河西路99号,阜阳科技职业学院
北京,北京市,海淀区,北京市海淀区清华园1号,清华大学
北京,北京市,海淀区,北京市海淀区颐和园路5号,北京大学
北京,北京市,海淀区,北京市海淀区学院路38号,北京大学医学部
北京,北京市,海淀区,北京市海淀区学院路37号,北京航空航天大学
北京,北京市,海淀区,北京市海淀区中关村南大街5号,北京理工大学
北京,北京市,海淀区,北京市海淀区中关村大街59号,中国人民大学
北京,北京市,海淀区,北京市海淀区新街口外大街19号,北京师范大学
北京,北京市,东城区,北京市东城区东单三条9号,北京协和医学院
北京,北京市,海淀区,北京市海淀区圆明园西路2号,中国农业大学
北京,北京市,海淀区,北京市海淀区学院路30号,北京科技大学
北京,北京市,海淀区,北京市海淀区上园村3号,北京交通大学
北京,北京市,丰台区,北京市丰台区右安门外西头条10号,首都医科大学
北京,北京市,海淀区,北京市海淀区学院南路39号,中央财经大学
北京,北京市,昌平区,北京市昌平区府学路27号,中国政法大学
北京,北京市,朝阳区,北京市朝阳区惠新东街10号,对外经济贸易大学
北京,北京市,昌平区,北京市昌平区府学路18号,中国石油大学(北京)
北京,北京市,西城区,北京市西城区西土城路10号,北京邮电大学
北京,北京市,昌平区,北京市昌平区宏福路4号,北京邮电大学(宏福校区)
北京,北京市,朝阳区,北京市朝阳区平乐园100号,北京工业大学
北京,北京市,朝阳区,北京市朝阳区北三环东路15号,北京化工大学
北京,北京市,海淀区,北京市海淀区学院路29号,中国地质大学(北京)
北京,北京市,昌平区,北京市昌平区朱辛庄北农路2号,华北电力大学(北京)
北京,北京市,海淀区,北京市海淀区学院路丁11号,中国矿业大学(北京)
北京,北京市,海淀区,北京市海淀区西三环北路2号,北京外国语大学
北京,北京市,海淀区,北京市海淀区清华东路35号,北京林业大学
北京,北京市,朝阳区,北京市朝阳区定福庄东街1号,中国传媒大学
北京,北京市,朝阳区,北京市朝阳区北三环东路11号,北京中医药大学
北京,北京市,海淀区,北京市海淀区西三环北路105号,首都师范大学
北京,北京市,西城区,北京市西城区展览馆路24号,外交学院
北京,北京市,海淀区,北京市海淀区中关村南大街27号,中央民族大学
北京,北京市,丰台区,北京市丰台区花乡张家路口121号,首都经济贸易大学
北京,北京市,大兴区,北京市大兴区黄村镇永源路15号,北京建筑大学
北京,北京市,海淀区,北京市海淀区学院路15号,北京语言大学
北京,北京市,海淀区,北京市海淀区阜成路33号,北京工商大学
北京,北京市,石景山区,北京市石景山区晋元庄路5号,北方工业大学
北京,北京市,海淀区,北京市海淀区坡上村12号,国际关系学院
北京,北京市,海淀区,北京市海淀区清河小营东路12号,北京信息科技大学
北京,北京市,丰台区,北京市丰台区木樨地南里1号,中国人民公安大学
北京,北京市,丰台区,北京市丰台区富丰路7号,北京电子科技学院
北京,北京市,朝阳区,北京市朝阳区定福庄南里1号,北京第二外国语学院
北京,北京市,海淀区,北京市海淀区信息路48号,北京体育大学
北京,北京市,昌平区,北京市昌平区北农路7号,北京农学院
北京,北京市,大兴区,北京市大兴区兴华大街(二段)1号,北京印刷学院
北京,北京市,朝阳区,北京市朝阳区北四环东路97号,北京联合大学
北京,北京市,大兴区,北京市大兴区博兴七路3号,北京石油化工学院
北京,北京市,通州区,北京市通州区富河大街1号,北京物资学院
北京,北京市,朝阳区,北京市朝阳区樱花东街甲2号,北京服装学院
北京,北京市,海淀区,北京市海淀区西三环北路25号,中国青年政治学院
北京,北京市,海淀区,北京市海淀区北三环西路11号,首都体育学院
北京,北京市,海淀区,北京市海淀区增光路45号,中国劳动关系学院
北京,北京市,朝阳区,北京市朝阳区育慧东路1号,中华女子学院
北京,北京市,石景山区,北京市石景山区晋元庄路6号,首钢工学院
北京,北京市,大兴区,北京市大兴区庞各庄镇工业田园路11号,北京第二外国语学院中瑞酒店管理学院
北京,北京市,大兴区,北京市大兴区榆垡镇榆祥路10号,首都师范大学科德学院
北京,北京市,昌平区,北京市昌平区康庄镇南雁路6号,北京邮电大学世纪学院
北京,北京市,大兴区,北京市大兴区黄村镇康庄路1号,北京金融科技学院
北京,北京市,海淀区,北京市海淀区西土城路4号,北京电影学院
北京,北京市,昌平区,北京市昌平区天通苑西三区,解放军防化学院
北京,北京市,昌平区,北京市昌平区天通苑东三区,陆军航空兵学院
北京,北京市,通州区,北京市通州区宋庄镇,北京工业大学耿丹学院
北京,北京市,西城区,北京市西城区鲍家街43号,中央音乐学院
北京,北京市,东城区,北京市东城区东棉花胡同39号,中央戏剧学院
北京,北京市,朝阳区,北京市朝阳区花家地南街8号,中央美术学院
北京,北京市,朝阳区,北京市朝阳区安翔路1号,中国音乐学院
北京,北京市,丰台区,北京市丰台区万泉寺400号,中国戏曲学院
北京,北京市,海淀区,北京市海淀区万寿寺路1号,北京舞蹈学院
北京,北京市,朝阳区,北京市朝阳区北四环中路269号,北京城市学院
北京,北京市,海淀区,北京市海淀区万寿路1号,解放军艺术学院
北京,北京市,延庆区,北京市延庆区庆园街69号,北京科技大学延庆分校
北京,北京市,朝阳区,北京市朝阳区花家地街9号,北京青年政治学院
北京,北京市,海淀区,北京市海淀区聂各庄东路10号,北京艺术传媒职业学院
北京,北京市,大兴区,北京市大兴区科苑东路1号院,北京社会管理职业学院
北京,北京市,朝阳区,北京市朝阳区惠新东街5号,北京劳动保障职业学院
北京,北京市,朝阳区,北京市朝阳区花家地街12号,北京经济管理职业学院
北京,北京市,昌平区,北京市昌平区西关环岛西边1公里,北京交通职业技术学院
北京,北京市,海淀区,北京市海淀区双清路1号,北京培黎职业学院
北京,北京市,昌平区,北京市昌平区沙河镇沙阳路18号,北京科技职业学院
北京,北京市,昌平区,北京市昌平区创新路,北京汇佳职业学院
北京,北京市,丰台区,北京市丰台区马家堡东里8号,北京戏曲艺术职业学院
北京,北京市,房山区,北京市房山区良乡高教园区,北京经济技术职业学院
北京,北京市,房山区,北京市房山区良乡大学城,北京经贸职业学院
北京,北京市,通州区,北京市通州区北关大街88号,北京财贸职业学院
北京,北京市,朝阳区,北京市朝阳区东坝,北京政法职业学院
北京,北京市,房山区,北京市房山区京良路,北京农业职业学院
北京,北京市,怀柔区,北京市怀柔区小中富乐一区188号,北京京北职业技术学院
北京,北京市,大兴区,北京市大兴区凉水河一街9号,北京电子科技职业学院
北京,北京市,朝阳区,北京市朝阳区芳园西路5号,北京信息职业技术学院
北京,北京市,石景山区,北京市石景山区石门路368号,北京工业职业技术学院
北京,北京市,房山区,北京市房山区窦店镇窦大路12号,北京网络职业学院
北京,北京市,怀柔区,北京市怀柔区怀北庄380号,中国科学院大学
北京,北京市,丰台区,北京市丰台区卢沟桥街道,陆军装甲兵学院
北京,北京市,海淀区,北京市海淀区学院路,战略支援部队航天工程大学
北京,北京市,昌平区,北京市昌平区,武警特种警察学院
北京,北京市,房山区,北京市房山区长于大街11号,中国社会科学院大学
北京,北京市,昌平区,北京市昌平区,陆军防化学院
北京,北京市,昌平区,北京市昌平区南口镇南雁路4号,中国消防救援学院
北京,北京市,大兴区,北京市大兴区黄村镇,民政职业大学
福建,厦门市,思明区,福建省厦门市思明区思明南路422号,厦门大学
福建,福州市,闽侯县,福建省福州市闽侯县大学新区学园路2号,福州大学
福建,福州市,仓山区,福建省福州市仓山区上三路8号,福建师范大学
福建,福州市,闽侯县,福建省福州市闽侯县上街镇旗山路1号,福建农林大学
福建,泉州市,丰泽区,福建省泉州市丰泽区城华北路269号,华侨大学
福建,福州市,闽侯县,福建省福州市闽侯县上街镇新店村,福建医科大学
福建,厦门市,集美区,福建省厦门市集美区银江路183号,集美大学
福建,厦门市,集美区,福建省厦门市集美区理工路600号,厦门理工学院
福建,漳州市,芗城区,福建省漳州市芗城区漳州大学城,闽南师范大学
福建,福州市,闽侯县,福建省福州市闽侯县上街镇溪源宫路200号,闽江学院
福建,厦门市,集美区,福建省厦门市集美区理工路600号,福建理工大学
福建,福州市,闽侯县,福建省福州市闽侯县上街镇东区,福建中医药大学
福建,泉州市,丰泽区,福建省泉州市丰泽区东海街道东海大街398号,泉州师范学院
福建,三明市,梅列区,福建省三明市梅列区新市北路25号,三明学院
福建,龙岩市,新罗区,福建省龙岩市新罗区东肖北路1号,龙岩学院
福建,莆田市,城厢区,福建省莆田市城厢区学园中街1133号,莆田学院
福建,福州市,仓山区,福建省福州市仓山区首山路80号,福建技术师范学院
福建,宁德市,东侨区,福建省宁德市东侨区学院路1号,宁德师范学院
福建,南平市,武夷山市,福建省南平市武夷山市新丰街道百花路358号,武夷学院
福建,厦门市,集美区,福建省厦门市集美区灌口中路1999号,厦门医学院
福建,福州市,鼓楼区,福建省福州市鼓楼区杨桥中路118号,福建江夏学院
福建,福州市,晋安区,福建省福州市晋安区首山路59号,福建警察学院
福建,福州市,仓山区,福建省福州市仓山区上渡路233号,福建商学院
福建,福州市,鼓楼区,福建省福州市鼓楼区洪山镇工业路523号,福州大学至诚学院
福建,福州市,晋安区,福建省福州市晋安区福飞南路112号,阳光学院
福建,福州市,闽侯县,福建省福州市闽侯县上街镇,福建农林大学金山学院
福建,泉州市,丰泽区,福建省泉州市丰泽区泉秀路699号,闽南科技学院
福建,厦门市,集美区,福建省厦门市集美区孙坂南路1251号,厦门工学院
福建,厦门市,集美区,福建省厦门市集美区集美大道199号,集美大学诚毅学院
福建,福州市,闽侯县,福建省福州市闽侯县上街镇学府南路68号,福建师范大学协和学院
福建,福州市,永泰县,福建省福州市永泰县葛岭镇学院路1号,福州工商学院
福建,泉州市,丰泽区,福建省泉州市丰泽区博东路249号,泉州信息工程学院
福建,泉州市,石狮市,福建省泉州市石狮市宝盖镇,闽南理工学院
福建,福州市,长乐区,福建省福州市长乐区首占镇育环路28号,福州外语外贸学院
福建,泉州市,洛江区,福建省泉州市洛江区马甲镇大新厝1号,仰恩大学
福建,厦门市,集美区,福建省厦门市集美区天马路288号,厦门华厦学院
福建,福州市,连江县,福建省福州市连江县潘渡镇江滨西大道8号,福州理工学院
福建,泉州市,南安市,福建省泉州市南安市柳城街道,泉州工程职业技术学院
福建,泉州市,石狮市,福建省泉州市石狮市祥芝镇古浮二十区1号,泉州海洋职业学院
福建,漳州市,龙文区,福建省漳州市龙文区蓝田街道,漳州理工职业学院
福建,泉州市,惠安县,福建省泉州市惠安县洛阳镇洛阳大道491号,泉州华光职业学院
福建,福州市,闽侯县,福建省福州市闽侯县上街镇学府南路1号,闽江师范高等专科学校
福建,泉州市,永春县,福建省泉州市永春县师范路389号,泉州幼儿师范高等专科学校
福建,厦门市,翔安区,福建省厦门市翔安区金海街道翔安南路3000号,厦门安防科技职业学院
福建,泉州市,晋江市,福建省泉州市晋江市西园街道,泉州轻工职业学院
福建,漳州市,漳浦县,福建省漳州市漳浦县盘陀镇,漳州科技职业学院
福建,厦门市,同安区,福建省厦门市同安区五显镇,厦门东海职业技术学院
福建,厦门市,翔安区,福建省厦门市翔安区新店街道,厦门南洋职业学院
福建,漳州市,芗城区,福建省漳州市芗城区西洋坪路27号,漳州城市职业学院
福建,厦门市,集美区,福建省厦门市集美区后溪镇,厦门兴才职业技术学院
福建,福州市,鼓楼区,福建省福州市鼓楼区铜盘软件大道89-1号,福州软件职业技术学院
福建,南平市,武夷山市,福建省南平市武夷山市武夷街道百花路360号,武夷山职业学院
福建,三明市,三元区,福建省三明市三元区列东街道高岩路6号,三明医学科技职业学院
福建,厦门市,思明区,福建省厦门市思明区前埔南路1263号,厦门城市职业学院
福建,泉州市,丰泽区,福建省泉州市丰泽区泉秀路699号,福建幼儿师范高等专科学校
福建,福州市,仓山区,福建省福州市仓山区上渡路233号,福建艺术职业学院
福建,福州市,闽侯县,福建省福州市闽侯县上街镇,福建生物工程职业技术学院
福建,莆田市,仙游县,福建省莆田市仙游县枫亭镇蔡襄北街1999号,湄洲湾职业技术学院
福建,厦门市,集美区,福建省厦门市集美区孙坂南路1199号,厦门软件职业技术学院
福建,泉州市,鲤城区,福建省泉州市鲤城区南环路1129号,泉州经贸职业技术学院
福建,厦门市,翔安区,福建省厦门市翔安区金海街道,厦门演艺职业学院
福建,福州市,闽侯县,福建省福州市闽侯县南屿镇地球村,福州黎明职业技术学院
福建,南平市,延平区,福建省南平市延平区夏道镇海瑞路9号,闽北职业技术学院
福建,泉州市,晋江市,福建省泉州市晋江市锦兴路112号,泉州理工职业学院
福建,泉州市,石狮市,福建省泉州市石狮市宝盖镇学府路1号,泉州纺织服装职业学院
福建,福州市,晋安区,福建省福州市晋安区福光路128号,福州英华职业学院
福建,厦门市,翔安区,福建省厦门市翔安区新店街道,厦门华天涉外职业技术学院
福建,福州市,马尾区,福建省福州市马尾区亭江镇亭江路8号,福建对外经济贸易职业技术学院
福建,南平市,延平区,福建省南平市延平区建阳北路63号,福建卫生职业技术学院
福建,福州市,闽侯县,福建省福州市闽侯县上街镇,福建农业职业技术学院
福建,厦门市,思明区,福建省厦门市思明区体育路61号,厦门海洋职业技术学院
福建,泉州市,丰泽区,福建省泉州市丰泽区泉秀路699号,福建电力职业技术学院
福建,福州市,闽侯县,福建省福州市闽侯县上街镇,福建信息职业技术学院
福建,南平市,延平区,福建省南平市延平区建阳北路95号,福建林业职业技术学院
福建,福州市,仓山区,福建省福州市仓山区首山路80号,福州职业技术学院
福建,福州市,闽侯县,福建省福州市闽侯县上街镇上街大学城学府南路66号,福建华南女子职业学院
福建,厦门市,集美区,福建省厦门市集美区银江路183号,厦门大学嘉庚学院
福建,龙岩市,新罗区,福建省龙岩市新罗区曹溪街道,闽西职业技术学院
福建,漳州市,芗城区,福建省漳州市芗城区大学路2号,漳州职业技术学院
福建,三明市,永安市,福建省三明市永安市燕南街道巴溪大道2199号,福建水利电力职业技术学院
福建,福州市,仓山区,福建省福州市仓山区首山路80号,福建船政交通职业学院
甘肃,兰州市,城关区,甘肃省兰州市城关区天水南路222号,兰州大学
甘肃,兰州市,安宁区,甘肃省兰州市安宁区安宁东路967号,西北师范大学
甘肃,兰州市,七里河区,甘肃省兰州市七里河区兰工坪路287号,兰州理工大学
甘肃,兰州市,安宁区,甘肃省兰州市安宁区农大路1号,甘肃农业大学
甘肃,兰州市,安宁区,甘肃省兰州市安宁区安宁西路88号,兰州交通大学
甘肃,兰州市,城关区,甘肃省兰州市城关区西北新村1号,西北民族大学
甘肃,兰州市,西固区,甘肃省兰州市西固区文化街街道,兰州石化职业技术大学
甘肃,张掖市,甘州区,甘肃省张掖市甘州区北环路801号,河西学院
甘肃,天水市,秦州区,甘肃省天水市秦州区藉河南路105号,天水师范学院
甘肃,庆阳市,西峰区,甘肃省庆阳市西峰区兰州路45号,陇东学院
甘肃,兰州市,城关区,甘肃省兰州市城关区街坊路11号,兰州城市学院
甘肃,兰州市,城关区,甘肃省兰州市城关区雁北路400号,兰州文理学院
甘肃,兰州市,榆中县,甘肃省兰州市榆中县和平开发区薇乐大道4号,兰州财经大学
甘肃,兰州市,七里河区,甘肃省兰州市七里河区兰工坪路88号,兰州工业学院
甘肃,兰州市,安宁区,甘肃省兰州市安宁区安宁西路6号,甘肃政法大学
甘肃,兰州市,城关区,甘肃省兰州市城关区东岗西路35号,甘肃中医药大学
甘肃,甘南藏族自治州,合作市,甘肃省甘南藏族自治州合作市知合玛路,甘肃民族师范学院
甘肃,兰州市,城关区,甘肃省兰州市城关区段家滩路927号,兰州资源环境职业技术大学
甘肃,兰州市,皋兰县,甘肃省兰州市皋兰县兰州新区星河街6号,兰州信息科技学院
甘肃,兰州市,榆中县,甘肃省兰州市榆中县和平开发区薇乐大道311号,兰州博文科技学院
甘肃,兰州市,榆中县,甘肃省兰州市榆中县和平开发区微乐大道68号,兰州工商学院
甘肃,酒泉市,肃州区,甘肃省酒泉市肃州区富康路194号,甘肃工业职业技术学院
甘肃,兰州市,榆中县,甘肃省兰州市榆中县和平开发区薇乐大道137号,兰州外语职业学院
甘肃,兰州市,西固区,甘肃省兰州市西固区西固东路588号,兰州石化职业技术学院
甘肃,陇南市,武都区,甘肃省陇南市武都区东江新区,甘肃林业职业技术大学
广东,广州市,海珠区,广东省广州市海珠区新港西路135号,中山大学
广东,珠海市,香洲区,广东省珠海市香洲区唐家湾,北京师范大学(珠海校区)
广东,广州市,天河区,广东省广州市天河区五山路381号,华南理工大学
广东,深圳市,南山区,广东省深圳市南山区学苑大道1088号,南方科技大学
广东,广州市,白云区,广东省广州市白云区同和沙太南路1023号,南方医科大学
广东,广州市,天河区,广东省广州市天河区黄埔大道西601号,暨南大学
广东,深圳市,龙岗区,广东省深圳市龙岗区龙城街道香港中文大学(深圳)上园P栋,香港中文大学(深圳)
广东,深圳市,南山区,广东省深圳市南山区南海大道3688号,深圳大学
广东,广州市,天河区,广东省广州市天河区中山大道西55号,华南师范大学
广东,广州市,天河区,广东省广州市天河区五山路483号,华南农业大学
广东,广州市,番禺区,广东省广州市番禺区大学城外环西路230号,广州大学
广东,广州市,番禺区,广东省广州市番禺区大学城外环西路100号,广东工业大学
广东,广州市,番禺区,广东省广州市番禺区石楼镇裕丰村,广州医科大学
广东,汕头市,金平区,广东省汕头市金平区大学路243号,汕头大学
广东,广州市,番禺区,广东省广州市番禺区小谷围街道穗石村,广州中医药大学
广东,广州市,白云区,广东省广州市白云区白云大道北2号,广东外语外贸大学
广东,深圳市,龙岗区,广东省深圳市龙岗区龙城街道,深圳北理莫斯科大学
广东,珠海市,香洲区,广东省珠海市香洲区唐家湾镇金同路2000号,北京师范大学-香港浸会大学联合国际学院
广东,佛山市,禅城区,广东省佛山市禅城区张槎街道江湾一路18号,佛山大学
广东,东莞市,莞城区,广东省东莞市莞城区东纵路1号,东莞理工学院
广东,广州市,天河区,广东省广州市天河区龙洞迎福路527号,广东财经大学
广东,湛江市,赤坎区,广东省湛江市赤坎区寸金路29号,广东海洋大学
广东,广州市,天河区,广东省广州市天河区中山大道西293号,广东技术师范大学
广东,湛江市,霞山区,广东省湛江市霞山区文明东路2号,广东医科大学
广东,江门市,蓬江区,广东省江门市蓬江区迎宾大道中99号,五邑大学
广东,广州市,海珠区,广东省广州市海珠区仑头路24号,仲恺农业工程学院
广东,广州市,番禺区,广东省广州市番禺区大学城外环东路280号,广东药科大学
广东,湛江市,赤坎区,广东省湛江市赤坎区寸金路29号,岭南师范学院
广东,惠州市,惠城区,广东省惠州市惠城区演达大道46号,惠州学院
广东,茂名市,茂南区,广东省茂名市茂南区广茂路198号,广东石油化工学院
广东,广州市,白云区,广东省广州市白云区沙太南路789号,广东第二师范学院
广东,潮州市,湘桥区,广东省潮州市湘桥区韩江路642号,韩山师范学院
广东,肇庆市,端州区,广东省肇庆市端州区迎宾大道,肇庆学院
广东,梅州市,梅江区,广东省梅州市梅江区嘉应路25号,嘉应学院
广东,广州市,天河区,广东省广州市天河区龙洞迎福路527号,广东金融学院
广东,韶关市,浈江区,广东省韶关市浈江区大学路288号,韶关学院
广东,广州市,黄埔区,广东省广州市黄埔区红山街道,广州航海学院
广东,广州市,天河区,广东省广州市天河区广州大道中1268号,广州体育学院
广东,广州市,从化区,广东省广州市从化区温泉镇温泉大道882号,广州南方学院
广东,广州市,增城区,广东省广州市增城区荔湖街道华商路1号,广州华商学院
广东,广州市,增城区,广东省广州市增城区朱村街道朱村大道东432号,广州应用科技学院
广东,广州市,白云区,广东省广州市白云区太和镇兴太三路638号,广州理工学院
广东,广州市,从化区,广东省广州市从化区太平镇广从南路548号,广州软件学院
广东,广州市,天河区,广东省广州市天河区凤凰街道华美路19号,广州新华学院
广东,广州市,增城区,广东省广州市增城区增江街道华立路11号,广州华立学院
广东,湛江市,麻章区,广东省湛江市麻章区麻章镇新坡路1号,湛江科技学院
广东,东莞市,松山湖区,广东省东莞市松山湖区大学路1号,广东理工学院
广东,佛山市,南海区,广东省佛山市南海区狮山镇广云路,广东东软学院
广东,广州市,从化区,广东省广州市从化区高新技术产业开发区,广州工商学院
广东,广州市,白云区,广东省广州市白云区九龙大道206号,广州商学院
广东,广州市,从化区,广东省广州市从化区街口街道培正路,广东培正学院
广东,广州市,白云区,广东省广州市白云区江高镇学苑路1号,广东白云学院
广东,广州市,从化区,广东省广州市从化区街口街道江浦街广从北路2004号,华南农业大学珠江学院
广东,广州市,海珠区,广东省广州市海珠区昌岗东路257号,广州美术学院
广东,东莞市,寮步镇,广东省东莞市寮步镇文昌路1号,东莞城市学院
广东,广州市,花都区,广东省广州市花都区学府路1号,广州城市理工学院
广东,珠海市,金湾区,广东省珠海市金湾区三灶镇安基东路8号,珠海科技学院
广东,广州市,海珠区,广东省广州市海珠区新港西路501号,星海音乐学院
广东,珠海市,香洲区,广东省珠海市香洲区唐家湾镇金凤路6号,北京理工大学珠海学院
广东,佛山市,南海区,广东省佛山市南海区狮山镇广云路,广东环境保护工程职业学院
广东,东莞市,南城区,广东省东莞市南城区西平社区西平下手新村,东莞职业技术学院
广东,湛江市,廉江市,广东省湛江市廉江市吉水镇鹤岭村九洲江大道78号,广东文理职业学院
广东,广州市,白云区,广东省广州市白云区石井街道庆丰社区庆隆中路100号,广州铁路职业技术学院
广东,广州市,天河区,广东省广州市天河区天源路789号,广东工程职业技术学院
广东,广州市,白云区,广东省广州市白云区广园中路248号,广州城市职业学院
广东,广州市,天河区,广东省广州市天河区天源路789号,广东理工职业学院
广东,中山市,火炬区,广东省中山市火炬区博爱七路25号,中山职业技术学院
广东,肇庆市,端州区,广东省肇庆市端州区七星岩景区,广东工商职业技术大学
广东,湛江市,霞山区,广东省湛江市霞山区人民大道南80号,肇庆医学院
广东,茂名市,电白区,广东省茂名市电白区沙院镇海城路五路1号,茂名职业技术学院
广东,江门市,蓬江区,广东省江门市蓬江区知行大道与潮连大道交叉口,江门职业技术学院
广东,中山市,火炬区,广东省中山市火炬区中山港大道60号,中山火炬职业技术学院
广东,广州市,从化区,广东省广州市从化区高技术产业开发区,广州工程技术职业学院
广东,广州市,番禺区,广东省广州市番禺区东环街道富豪社区,广东文艺职业学院
广东,揭阳市,榕城区,广东省揭阳市榕城区仙桥街道桂南村紫峰山下,揭阳职业技术学院
广东,汕头市,濠江区,广东省汕头市濠江区,汕头职业技术学院
广东,河源市,源城区,广东省河源市源城区胜利大桥向北500米,河源职业技术学院
广东,云浮市,罗定市,广东省云浮市罗定市素龙街道,罗定职业技术学院
广东,广州市,白云区,广东省广州市白云区江高镇学苑路1号,广东工贸职业技术学院
广东,广州市,天河区,广东省广州市天河区天源路789号,广东机电职业技术学院
广东,广州市,天河区,广东省广州市天河区天源路789号,广东建设职业技术学院
广东,广州市,天河区,广东省广州市天河区天源路789号,广东职业技术学院
广东,广州市,天河区,广东省广州市天河区天源路789号,广东体育职业技术学院
广东,珠海市,金湾区,广东省珠海市金湾区红旗镇广安路2号,珠海艺术职业学院
广东,广州市,白云区,广东省广州市白云区江高镇学苑路1号,广东食品药品职业学院
广东,东莞市,松山湖区,广东省东莞市松山湖区大学路1号,广东科学技术职业学院
广东,广州市,番禺区,广东省广州市番禺区市良路1342号,广州番禺职业技术学院
广东,广州市,白云区,广东省广州市白云区向云西街10号,广州民航职业技术学院
广东,广州市,从化区,广东省广州市从化区高技术产业开发区,广东水利电力职业技术学院
广东,广州市,天河区,广东省广州市天河区天源路789号,广东交通职业技术学院
广东,佛山市,南海区,广东省佛山市南海区狮山镇广云路,广东轻工职业技术大学
广东,佛山市,顺德区,广东省佛山市顺德区德胜东路,顺德职业技术学院
广东,广州市,增城区,广东省广州市增城区荔新大道,广东农工商职业技术学院
广东,汕头市,金平区,广东省汕头市金平区鮀江街道大学路241号,广东以色列理工学院
广东,深圳市,坪山区,广东省深圳市坪山区石井街道求水岭路,深圳技术大学
广西,南宁市,青秀区,广西壮族自治区南宁市青秀区大学路100号,广西大学
广西,桂林市,七星区,广西壮族自治区桂林市七星区育才路15号,广西师范大学
广西,南宁市,青秀区,广西壮族自治区南宁市青秀区双拥路22号,广西医科大学
广西,桂林市,七星区,广西壮族自治区桂林市七星区金鸡路1号,桂林电子科技大学
广西,桂林市,七星区,广西壮族自治区桂林市七星区建干路12号,桂林理工大学
广西,南宁市,横州市,广西壮族自治区南宁市横州市横州镇茉莉花大道89号,南宁师范大学
广西,南宁市,西乡塘区,广西壮族自治区南宁市西乡塘区明秀东路179号,广西中医药大学
广西,桂林市,叠彩区,广西壮族自治区桂林市叠彩区乐群路2号,桂林医学院
广西,南宁市,西乡塘区,广西壮族自治区南宁市西乡塘区大学东路188号,广西民族大学
广西,玉林市,玉州区,广西壮族自治区玉林市玉州区教育东路1303号,玉林师范学院
广西,柳州市,鱼峰区,广西壮族自治区柳州市鱼峰区东环大道257号,广西科技大学
广西,钦州市,钦南区,广西壮族自治区钦州市钦南区滨海新城,北部湾大学
广西,梧州市,万秀区,广西壮族自治区梧州市万秀区富民三路82号,梧州学院
广西,贺州市,八步区,广西壮族自治区贺州市八步区建设东路18号,贺州学院
广西,桂林市,秀峰区,广西壮族自治区桂林市秀峰区金鸡路2号,桂林航天工业学院
广西,南宁市,西乡塘区,广西壮族自治区南宁市西乡塘区大学西路189号,广西财经学院
广西,百色市,右江区,广西壮族自治区百色市右江区中山二路126号,右江民族医学院
广西,百色市,右江区,广西壮族自治区百色市右江区城乡路21号,百色学院
广西,崇左市,江州区,广西壮族自治区崇左市江州区友谊大道1号,广西民族师范学院
广西,来宾市,兴宾区,广西壮族自治区来宾市兴宾区迎宾路35号,广西科技师范学院
广西,河池市,金城江区,广西壮族自治区河池市金城江区龙江路42号,河池学院
广西,南宁市,西乡塘区,广西壮族自治区南宁市西乡塘区大学东路176号,广西农业职业技术大学
广西,南宁市,西乡塘区,广西壮族自治区南宁市西乡塘区明秀东路38号,广西警察学院
广西,桂林市,雁山区,广西壮族自治区桂林市雁山区雁山镇良丰路26号,桂林旅游学院
广西,南宁市,武鸣区,广西壮族自治区南宁市武鸣区百威英博大道9号,南宁理工学院
广西,柳州市,鱼峰区,广西壮族自治区柳州市鱼峰区新柳大道99号,柳州工学院
广西,南宁市,江南区,广西壮族自治区南宁市江南区吴圩镇友谊路55号,广西民族大学相思湖学院
广西,南宁市,良庆区,广西壮族自治区南宁市良庆区明阳工业园明阳大道15号,南宁师范大学师园学院
广西,桂林市,灵川县,广西壮族自治区桂林市灵川县灵田镇花江高校科技园区东阳路3号,桂林信息科技学院
广西,南宁市,青秀区,广西壮族自治区南宁市青秀区五合大道13号,广西中医药大学赛恩斯新医药学院
广西,北海市,银海区,广西壮族自治区北海市银海区新世纪大道1号,北海艺术设计学院
广西,南宁市,良庆区,广西壮族自治区南宁市良庆区龙亭路8号,南宁学院
广西,南宁市,青秀区,广西壮族自治区南宁市青秀区教育路6号,广西外国语学院
广西,南宁市,西乡塘区,广西壮族自治区南宁市西乡塘区明秀路98号,广西艺术学院
广西,桂林市,秀峰区,广西壮族自治区桂林市秀峰区榕湖北路21号,桂林师范高等专科学校
广西,桂林市,雁山区,广西壮族自治区桂林市雁山区雁山镇雁中路3号,桂林学院
广西,南宁市,西乡塘区,广西壮族自治区南宁市西乡塘区大学西路88号,广西体育高等专科学校
广西,百色市,平果市,广西壮族自治区百色市平果市大学东路12号,广西培贤国际职业学院
广西,崇左市,江州区,广西壮族自治区崇左市江州区友谊大道中路8号,广西科技职业学院
广西,南宁市,西乡塘区,广西壮族自治区南宁市西乡塘区大学东路168号,广西经济职业学院
广西,柳州市,鱼峰区,广西壮族自治区柳州市鱼峰区官塘大道东1号,广西工程职业学院
广西,钦州市,钦南区,广西壮族自治区钦州市钦南区南珠西大街188号,广西英华国际职业学院
广西,桂林市,临桂区,广西壮族自治区桂林市临桂区人民路318号,桂林山水职业学院
广西,北海市,海城区,广西壮族自治区北海市海城区驿马街道,北海职业学院
广西,柳州市,鱼峰区,广西壮族自治区柳州市鱼峰区文苑路2号,柳州铁道职业技术学院
广西,南宁市,西乡塘区,广西壮族自治区南宁市西乡塘区大学东路168号,广西电力职业技术学院
广西,南宁市,西乡塘区,广西壮族自治区南宁市西乡塘区大学东路168号,广西工业职业技术学院
广西,柳州市,鱼峰区,广西壮族自治区柳州市鱼峰区官塘大道16号,柳州职业技术学院
广西,崇左市,江州区,广西壮族自治区崇左市江州区友谊大道中路18号,广西城市职业大学
广西,南宁市,西乡塘区,广西壮族自治区南宁市西乡塘区大学东路168号,广西水利电力职业技术学院
广西,南宁市,西乡塘区,广西壮族自治区南宁市西乡塘区大学西路169号,南宁职业技术学院
广西,南宁市,西乡塘区,广西壮族自治区南宁市西乡塘区大学东路101号,广西机电职业技术学院
广西,柳州市,鱼峰区,广西壮族自治区柳州市鱼峰区文苑路1号,柳州城市职业学院
广西,南宁市,良庆区,广西壮族自治区南宁市良庆区明阳四路10号,广西演艺职业学院
广西,来宾市,兴宾区,广西壮族自治区来宾市兴宾区铁北大道968号,广西蓝天航空职业学院
广西,南宁市,西乡塘区,广西壮族自治区南宁市西乡塘区大学东路168号,广西职业技术学院
贵州,贵阳市,南明区,贵州省贵阳市南明区花溪大道中段,贵州大学
贵州,贵阳市,云岩区,贵州省贵阳市云岩区宝山北路180号,贵州师范大学
贵州,遵义市,红花岗区,贵州省遵义市红花岗区大连路201号,遵义医科大学
贵州,贵阳市,云岩区,贵州省贵阳市云岩区北京路4号,贵州医科大学
贵州,贵阳市,花溪区,贵州省贵阳市花溪区贵筑路115号,贵州师范学院
贵州,铜仁市,碧江区,贵州省铜仁市碧江区清水南路16号,铜仁学院
贵州,贵阳市,花溪区,贵州省贵阳市花溪区石板路99号,贵州民族大学
贵州,贵阳市,花溪区,贵州省贵阳市花溪区贵筑路276号,贵州财经大学
贵州,贵阳市,观山湖区,贵州省贵阳市观山湖区金朱路,贵州理工学院
贵州,遵义市,汇川区,贵州省遵义市汇川区平安大道与乌江大道交汇处,遵义师范学院
贵州,贵阳市,云岩区,贵州省贵阳市云岩区见龙洞路103号,贵阳学院
贵州,贵阳市,观山湖区,贵州省贵阳市观山湖区金朱东路,贵阳康养职业大学
贵州,凯里市,开发区,贵州省凯里市开发区开元大道3号,凯里学院
贵州,都匀市,斗篷山区,贵州省都匀市斗篷山路,黔南民族师范学院
贵州,安顺市,西秀区,贵州省安顺市西秀区学院路25号,安顺学院
贵州,六盘水市,钟山区,贵州省六盘水市钟山区钟山大道,六盘水师范学院
贵州,兴义市,兴义区,贵州省兴义市兴义区湖南街32号,兴义民族师范学院
贵州,贵阳市,云岩区,贵州省贵阳市云岩区富水北路1号,贵州中医药大学
贵州,六盘水市,钟山区,贵州省六盘水市钟山区学院路,贵州工程应用技术学院
贵州,贵阳市,观山湖区,贵州省贵阳市观山湖区会展城,贵州商学院
贵州,贵阳市,花溪区,贵州省贵阳市花溪区党武镇思雅路,贵阳人文科技学院
贵州,贵阳市,云岩区,贵州省贵阳市云岩区云关坡笋子林3号,贵州医科大学神奇民族医药学院
贵州,遵义市,汇川区,贵州省遵义市汇川区学院路,遵义医科大学医学与科技学院
贵州,贵阳市,南明区,贵州省贵阳市南明区富源南路548号,贵州中医药大学时珍学院
贵州,遵义市,汇川区,贵州省遵义市汇川区平安大道北段8号,遵义医药高等专科学校
贵州,都匀市,小围寨,贵州省都匀市小围寨办事处环东南路91号,黔南民族医学高等专科学校
贵州,三都县,三都镇,贵州省三都县三都镇百鸟河村,贵州盛华职业学院
贵州,铜仁市,碧江区,贵州省铜仁市碧江区川硐教育园区,铜仁职业技术学院
贵州,遵义市,汇川区,贵州省遵义市汇川区乌江大道,遵义职业技术学院
贵州,都匀市,文峰区,贵州省都匀市文峰区环东路,黔南民族职业技术学院
贵州,凯里市,开发区,贵州省凯里市开发区凯开大道1009号,黔东南民族职业技术学院
贵州,安顺市,西秀区,贵州省安顺市西秀区虹山湖路,安顺职业技术学院
贵州,凯里市,开发区,贵州省凯里市开发区开元大道,贵州电子信息职业技术学院
贵州,铜仁市,碧江区,贵州省铜仁市碧江区川硐教育园区,铜仁幼儿师范高等专科学校
贵州,仁怀市,茅台镇,贵州省仁怀市茅台镇鲁班大道,茅台学院
海南,海口市,美兰区,海南省海口市美兰区人民大道58号,海南大学
海南,海口市,龙华区,海南省海口市龙华区桂林洋大道99号,海南师范大学
海南,三亚市,吉阳区,海南省三亚市吉阳区海榆中线,海南医科大学
海南,三亚市,吉阳区,海南省三亚市吉阳区学院路191号,海南热带海洋学院
海南,海口市,琼山区,海南省海口市琼山区府城街道中山路8号,琼台师范学院
海南,海口市,美兰区,海南省海口市美兰区校际二号路2号,海口经济学院
海南,三亚市,吉阳区,海南省三亚市吉阳区学院路191号,三亚学院
海南,海口市,美兰区,海南省海口市美兰区校际二号路1号,琼台师范高等专科学校
海南,三亚市,吉阳区,海南省三亚市吉阳区学院路191号,三亚理工职业学院
海南,三亚市,天涯区,海南省三亚市天涯区凤凰路218号,三亚航空旅游职业学院
海南,海口市,琼山区,海南省海口市琼山区国兴大道文坛路2号,海南工商职业学院
海南,海口市,美兰区,海南省海口市美兰区校际二号路,海南经贸职业技术学院
海南,文昌市,文城镇,海南省文昌市文城镇教育路178号,海南外国语职业学院
海南,海口市,琼山区,海南省海口市琼山区新大洲大道280号,海南政法职业学院
海南,三亚市,吉阳区,海南省三亚市吉阳区荔枝沟大学园区抱坡路100号,三亚城市职业学院
海南,海口市,龙华区,海南省海口市龙华区桂林洋大道,海南职业技术学院
海南,澄迈县,老城镇,海南省澄迈县老城镇富海路128号,海南软件职业技术学院
海南,海口市,琼山区,海南省海口市琼山区国兴大道,海南体育职业技术学院
海南,海口市,琼山区,海南省海口市琼山区琼山大道18号,海南科技职业大学
海南,三亚市,海棠区,海南省三亚市海棠区海棠湾,三亚中瑞酒店管理职业学院
海南,澄迈县,金江镇,海南省澄迈县金江镇金马大道,海南健康管理职业技术学院
河北,秦皇岛市,海港区,河北省秦皇岛市海港区白塔岭街道秦山路143号,东北大学秦皇岛分校
河北,保定市,莲池区,河北省保定市莲池区华电路689号,华北电力大学(保定)
河北,秦皇岛市,海港区,河北省秦皇岛市海港区河北大街438号,燕山大学
河北,石家庄市,裕华区,河北省石家庄市裕华区中山东路361号,河北医科大学
河北,石家庄市,长安区,河北省石家庄市长安区和平东路126号,河北大学
河北,石家庄市,裕华区,河北省石家庄市裕华区南二环东路20号,河北师范大学
河北,保定市,莲池区,河北省保定市莲池区永华北大街289号,河北农业大学
河北,石家庄市,桥西区,河北省石家庄市桥西区北二环东路17号,石家庄铁道大学
河北,石家庄市,裕华区,河北省石家庄市裕华区建设南大街696号,河北科技大学
河北,唐山市,路北区,河北省唐山市路北区建设南路57号,华北理工大学
河北,保定市,莲池区,河北省保定市莲池区七一中路93号,河北工程大学
河北,石家庄市,长安区,河北省石家庄市长安区槐安东路136号,河北经贸大学
河北,廊坊市,三河市,河北省廊坊市三河市燕郊镇学院街465号,防灾科技学院
河北,廊坊市,安次区,河北省廊坊市安次区北史家务镇西昌路220号,中国人民警察大学
河北,石家庄市,裕华区,河北省石家庄市裕华区槐中路136号,河北地质大学
河北,廊坊市,广阳区,河北省廊坊市广阳区新开路街道爱民东道133号,北华航天工业学院
河北,石家庄市,长安区,河北省石家庄市长安区和平东路3号,河北中医药大学
河北,秦皇岛市,海港区,河北省秦皇岛市海港区河北大街西段368号,河北科技师范学院
河北,唐山市,路北区,河北省唐山市路北区建设北路156号,唐山师范学院
河北,石家庄市,长安区,河北省石家庄市长安区长江大道6号,石家庄学院
河北,邢台市,桥东区,河北省邢台市桥东区泉北东路868号,河北科技工程职业技术大学
河北,承德市,双桥区,河北省承德市双桥区南营子大街51号,承德医学院
河北,张家口市,桥东区,河北省张家口市桥东区建设路178号,河北建筑工程学院
河北,唐山市,路北区,河北省唐山市路北区河北路街道高新东道789号,唐山学院
河北,秦皇岛市,海港区,河北省秦皇岛市海港区河北大街368号,河北环境工程学院
河北,保定市,莲池区,河北省保定市莲池区百楼乡保定学院内,保定学院
河北,廊坊市,广阳区,河北省廊坊市广阳区爱民东道133号,华北科技学院
河北,沧州市,运河区,河北省沧州市运河区泊头镇高教园区,沧州师范学院
河北,邢台市,桥东区,河北省邢台市桥东区泉北东路88号,邢台学院
河北,邯郸市,邯山区,河北省邯郸市邯山区南堡乡学院北路,邯郸学院
河北,衡水市,桃城区,河北省衡水市桃城区和平西路1088号,衡水学院
河北,承德市,双桥区,河北省承德市双桥区西大街育才路,河北民族师范学院
河北,张家口市,桥东区,河北省张家口市桥东区平门路副19号,张家口学院
河北,廊坊市,广阳区,河北省廊坊市广阳区爱民西道100号,廊坊师范学院
河北,沧州市,运河区,河北省沧州市运河区南陈屯镇黄河西路49号,河北水利电力学院
河北,石家庄市,裕华区,河北省石家庄市裕华区建设南大街696号,河北工业职业技术大学
河北,承德市,双桥区,河北省承德市双桥区冯营子镇,河北石油职业技术大学
河北,张家口市,桥东区,河北省张家口市桥东区建设路178号,河北北方学院
河北,保定市,莲池区,河北省保定市莲池区东风东路3799号,河北金融学院
河北,石家庄市,裕华区,河北省石家庄市裕华区体育南大街399号,河北体育学院
河北,保定市,莲池区,河北省保定市莲池区五四路街道七一中路103号,中央司法警官学院
河北,石家庄市,裕华区,河北省石家庄市裕华区红旗大街469号,河北师范大学汇华学院
河北,石家庄市,元氏县,河北省石家庄市元氏县姬村镇装院路甲1号,石家庄铁道大学四方学院
河北,石家庄市,新乐市,河北省石家庄市新乐市邯邰镇空港工业园区无繁路69号,河北地质大学华信学院
河北,保定市,莲池区,河北省保定市莲池区南大园乡南二环1689号,保定理工学院
河北,保定市,莲池区,河北省保定市莲池区东风路180号,河北大学工商学院
河北,保定市,竞秀区,河北省保定市竞秀区富昌乡乐凯南大街2596号,河北农业大学现代科技学院
河北,石家庄市,桥西区,河北省石家庄市桥西区红旗街道红旗大街428号,河北经贸大学经济管理学院
河北,秦皇岛市,海港区,河北省秦皇岛市海港区白塔岭街道西环南路,燕山大学里仁学院
河北,沧州市,黄骅市,河北省沧州市黄骅市黄骅镇学院西路2006号,沧州交通学院
河北,石家庄市,裕华区,河北省石家庄市裕华区中山东路361号,河北医科大学临床学院
河北,邢台市,桥东区,河北省邢台市桥东区泉北东路868号,河北工程大学科信学院
河北,石家庄市,长安区,河北省石家庄市长安区和平东路398号,河北外国语学院
河北,秦皇岛市,海港区,河北省秦皇岛市海港区河北大街368号,河北科技学院
河北,石家庄市,裕华区,河北省石家庄市裕华区建设南大街696号,河北工程技术学院
河北,石家庄市,长安区,河北省石家庄市长安区和平东路11号,河北传媒学院
河北,廊坊市,三河市,河北省廊坊市三河市燕郊镇迎宾北路45号,燕京理工学院
河北,石家庄市,裕华区,河北省石家庄市裕华区建设南大街696号,河北美术学院
河北,唐山市,丰润区,河北省唐山市丰润区银城铺镇林荫路1号,华北理工大学轻工学院
河北,唐山市,曹妃甸区,河北省唐山市曹妃甸区曹妃甸新城行知路25号,曹妃甸职业技术学院
河北,廊坊市,广阳区,河北省廊坊市广阳区爱民东道133号,河北东方学院
河北,唐山市,路北区,河北省唐山市路北区学府路3号,唐山幼儿师范高等专科学校
河北,沧州市,黄骅市,河北省沧州市黄骅市羊三木回族乡滨河西大街1777号,渤海理工职业学院
河北,保定市,莲池区,河北省保定市莲池区瑞祥大街102号,河北工艺美术职业学院
河北,保定市,定兴县,河北省保定市定兴县定兴镇兴华东路45号,保定幼儿师范高等专科学校
河北,石家庄市,桥西区,河北省石家庄市桥西区赣江路9号,河北轨道运输职业技术学院
河北,廊坊市,广阳区,河北省廊坊市广阳区爱民东道133号,廊坊卫生职业学院
河北,承德市,双桥区,河北省承德市双桥区下二道河子,承德护理职业学院
河北,廊坊市,三河市,河北省廊坊市三河市李旗庄镇京哈线附近,廊坊燕京职业技术学院
河北,张家口市,宣化区,河北省张家口市宣化区皇城桥北街地院巷1号,宣化科技职业学院
河北,沧州市,泊头市,河北省沧州市泊头市泊镇解放西路光明街150号,沧州幼儿师范高等专科学校
河北,石家庄市,新华区,河北省石家庄市新华区警安路8号,石家庄科技职业学院
河北,石家庄市,裕华区,河北省石家庄市裕华区建设南大街696号,河北劳动关系职业学院
河北,石家庄市,正定县,河北省石家庄市正定县正定镇华安西路29号,河北正定师范高等专科学校
河北,石家庄市,裕华区,河北省石家庄市裕华区汇丰路18号,石家庄人民医学高等专科学校
河北,石家庄市,鹿泉区,河北省石家庄市鹿泉区获鹿镇幼师路39号,石家庄幼儿师范高等专科学校
河北,保定市,定州市,河北省保定市定州市西城区街道刀枪街3号,冀中职业学院
河北,石家庄市,正定县,河北省石家庄市正定县正定镇常山西路47号,石家庄经济职业学院
河北,石家庄市,鹿泉区,河北省石家庄市鹿泉区同下村同新路1号,石家庄医学高等专科学校
河北,沧州市,运河区,河北省沧州市运河区高教园区,沧州医学高等专科学校
河北,石家庄市,裕华区,河北省石家庄市裕华区建设南大街696号,河北司法警官职业学院
河北,石家庄市,鹿泉区,河北省石家庄市鹿泉区铜冶镇学院路2号,石家庄科技信息职业学院
河北,石家庄市,鹿泉区,河北省石家庄市鹿泉区石柏大街,石家庄理工职业学院
河北,石家庄市,桥西区,河北省石家庄市桥西区滨河街3号,石家庄工商职业学院
河北,石家庄市,桥西区,河北省石家庄市桥西区中山西路356号,石家庄邮电职业技术学院
河北,石家庄市,裕华区,河北省石家庄市裕华区建设南大街696号,河北女子职业技术学院
河北,唐山市,路北区,河北省唐山市路北区警钢路68号,唐山科技职业技术学院
河北,廊坊市,广阳区,河北省廊坊市广阳区东方大学城,廊坊职业技术学院
河北,沧州市,任丘市,河北省沧州市任丘市西环路街道哑叭庄村,渤海石油职业学院
河北,邢台市,桥东区,河北省邢台市桥东区泉北东路868号,河北机电职业技术学院
河北,保定市,莲池区,河北省保定市莲池区七一中路93号,保定电力职业技术学院
河北,石家庄市,桥西区,河北省石家庄市桥西区信工路18号,石家庄信息工程职业学院
河北,石家庄市,桥西区,河北省石家庄市桥西区方兴路88号,河北化工医药职业技术学院
河北,石家庄市,裕华区,河北省石家庄市裕华区建设南大街696号,河北交通职业技术学院
河北,石家庄市,鹿泉区,河北省石家庄市鹿泉区大河镇学府路236号,石家庄财经职业学院
河北,承德市,双桥区,河北省承德市双桥区西大街育才路,河北旅游职业学院
河北,石家庄市,裕华区,河北省石家庄市裕华区建设南大街696号,河北省艺术职业学院
河北,秦皇岛市,海港区,河北省秦皇岛市海港区戴河大街6号,河北对外经贸职业学院
河北,衡水市,桃城区,河北省衡水市桃城区彭杜村乡红旗大街2373号,衡水职业技术学院
河北,唐山市,路北区,河北省唐山市路北区华新西道120号,唐山职业技术学院
河北,石家庄市,新华区,河北省石家庄市新华区岗上文明路12号,石家庄城市经济职业学院
河北,石家庄市,鹿泉区,河北省石家庄市鹿泉区学府路169号,石家庄工程职业学院
河北,石家庄市,桥西区,河北省石家庄市桥西区学府路41号,石家庄铁路职业技术学院
河北,唐山市,路北区,河北省唐山市路北区建设南路57号,河北能源职业技术学院
河北,沧州市,运河区,河北省沧州市运河区开元南大道,沧州职业技术学院
河北,秦皇岛市,海港区,河北省秦皇岛市海港区联峰北路90号,秦皇岛职业技术学院
河北,石家庄市,新华区,河北省石家庄市新华区友谊北大街569号,河北政法职业学院
河北,秦皇岛市,海港区,河北省秦皇岛市海港区文育路8号,河北建材职业技术学院
河北,保定市,莲池区,河北省保定市莲池区七一中路93号,河北软件职业技术学院
河北,邢台市,信都区,河北省邢台市信都区泉西街道钢铁北路618号,邢台医学院
河北,张家口市,桥东区,河北省张家口市桥东区东宁街,张家口职业技术学院
河北,邯郸市,邯山区,河北省邯郸市邯山区罗城头街道渚河路768号,邯郸职业技术学院
河北,唐山市,曹妃甸区,河北省唐山市曹妃甸区曹妃甸新城行知路25号,曹妃甸职业技术学院
河南,郑州市,金水区,河南省郑州市金水区科技大道100号,郑州大学
河南,郑州市,金水区,河南省郑州市金水区明伦街46号,河南大学
河南,郑州市,金水区,河南省郑州市金水区文化路95号,河南农业大学
河南,新乡市,牧野区,河南省新乡市牧野区建设路46号,河南师范大学
河南,洛阳市,涧西区,河南省洛阳市涧西区洛河路48号,河南科技大学
河南,焦作市,山阳区,河南省焦作市山阳区高新区世纪大道2001号,河南理工大学
河南,郑州市,二七区,河南省郑州市二七区嵩山南路140号,河南工业大学
河南,郑州市,金水区,河南省郑州市金水区金水东路136号,华北水利水电大学
河南,郑州市,金水区,河南省郑州市金水区东明路1号,河南中医药大学
河南,郑州市,高新区,河南省郑州市高新区科学大道136号,郑州轻工业大学
河南,新乡市,红旗区,河南省新乡市红旗区华兰大道与新二街交叉口,新乡医学院
河南,信阳市,浉河区,河南省信阳市浉河区大学路1号,信阳师范大学
河南,郑州市,中原区,河南省郑州市中原区中原中路41号,中原工学院
河南,郑州市,郑东新区,河南省郑州市郑东新区金水东路180号,河南财经政法大学
河南,洛阳市,洛龙区,河南省洛阳市洛龙区开元大道6号,洛阳师范学院
河南,郑州市,金水区,河南省郑州市金水区花园路136号,河南科技学院
河南,南阳市,宛城区,河南省南阳市宛城区长江中路80号,南阳理工学院
河南,安阳市,龙安区,河南省安阳市龙安区弦歌大道436号,安阳师范学院
河南,驻马店市,驿城区,河南省驻马店市驿城区开源大道2号,黄淮学院
河南,南阳市,卧龙区,河南省南阳市卧龙区车站路476号,南阳师范学院
河南,周口市,川汇区,河南省周口市川汇区文昌大道588号,周口师范学院
河南,信阳市,浉河区,河南省信阳市浉河区世纪大道,信阳农林学院
河南,郑州市,郑东新区,河南省郑州市郑东新区文苑西路15号,郑州航空工业管理学院
河南,商丘市,梁园区,河南省商丘市梁园区文化路298号,商丘师范学院
河南,平顶山市,新华区,河南省平顶山市新华区建设路东段,河南城建学院
河南,平顶山市,新华区,河南省平顶山市新华区学院路,平顶山学院
河南,郑州市,郑东新区,河南省郑州市郑东新区龙子湖北路6号,河南牧业经济学院
河南,郑州市,中原区,河南省郑州市中原区莲花街100号,河南工程学院
河南,新乡市,红旗区,河南省新乡市红旗区新二街1号,新乡学院
河南,安阳市,文峰区,河南省安阳市文峰区黄河大道北段,安阳工学院
河南,许昌市,魏都区,河南省许昌市魏都区八一路88号,许昌学院
河南,洛阳市,洛龙区,河南省洛阳市洛龙区学子街8号,洛阳理工学院
河南,郑州市,金水区,河南省郑州市金水区文化路110号,河南警察学院
河南,郑州市,惠济区,河南省郑州市惠济区英才街12号,郑州师范学院
河南,郑州市,惠济区,河南省郑州市惠济区英才街18号,郑州工程技术学院
河南,郑州市,中原区,河南省郑州市中原区淮河西路1号,河南工学院
河南,郑州市,郑东新区,河南省郑州市郑东新区郑开大道76号,河南财政金融学院
河南,新乡市,长垣县,河南省新乡市长垣县新飞大道南段777号,新乡工程学院
河南,郑州市,中牟县,河南省郑州市中牟县郑开大道136号,郑州工商学院
河南,信阳市,浉河区,河南省信阳市浉河区南湖路1号,信阳学院
河南,安阳市,文峰区,河南省安阳市文峰区中华路南段599号,安阳学院
河南,开封市,龙亭区,河南省开封市龙亭区金明大道北段,河南开封科技传媒学院
河南,郑州市,新郑市,河南省郑州市新郑市双湖大道2号,郑州经贸学院
河南,郑州市,惠济区,河南省郑州市惠济区天河路36号,郑州财经学院
河南,郑州市,金水区,河南省郑州市金水区科学大道136号,黄河科技学院
河南,焦作市,山阳区,河南省焦作市山阳区丰收路96号,黄河交通学院
河南,郑州市,中原区,河南省郑州市中原区中华北路79号,郑州工业应用技术学院
河南,郑州市,新郑市,河南省郑州市新郑市升达路113号,郑州升达经贸管理学院
河南,郑州市,巩义市,河南省郑州市巩义市紫荆路136号,郑州商学院
河南,商丘市,梁园区,河南省商丘市梁园区北海路66号,商丘学院
河南,商丘市,梁园区,河南省商丘市梁园区平原路310号,商丘工学院
河南,郑州市,高新区,河南省郑州市高新区科学大道133号,郑州科技学院
河南,洛阳市,新安县,河南省洛阳市新安县磁涧镇磁涧社区,洛阳科技职业学院
河南,漯河市,源汇区,河南省漯河市源汇区大学路1号,河南医学高等专科学校
河南,安阳市,文峰区,河南省安阳市文峰区人和路与中华路交叉口,安阳幼儿师范高等专科学校
河南,郑州市,中牟县,河南省郑州市中牟县郑开大道66号,郑州幼儿师范高等专科学校
河南,鹤壁市,淇滨区,河南省鹤壁市淇滨区钜桥镇钜桥村,鹤壁汽车工程职业学院
河南,许昌市,魏都区,河南省许昌市魏都区许州路,许昌电气职业学院
河南,安阳市,龙安区,河南省安阳市龙安区文明大道南段,河南护理职业学院
河南,洛阳市,瀍河区,河南省洛阳市瀍河区启明南路2号,河南林业职业学院
河南,商丘市,梁园区,河南省商丘市梁园区迎宾路666号,商丘医学高等专科学校
河南,南阳市,卧龙区,河南省南阳市卧龙区车站南路1116号,南阳医学高等专科学校
河南,漯河市,源汇区,河南省漯河市源汇区大学路148号,漯河医学高等专科学校
河南,平顶山市,鲁山县,河南省平顶山市鲁山县鲁山大道东段,河南工业和信息化职业学院
河南,郑州市,金水区,河南省郑州市金水区花园路136号,河南水利与环境职业学院
河南,南阳市,卧龙区,河南省南阳市卧龙区卧龙路338号,南阳农业职业学院
河南,郑州市,中原区,河南省郑州市中原区西四环与化工路交叉口,郑州黄河护理职业学院
河南,洛阳市,伊滨区,河南省洛阳市伊滨区科技大道6号,洛阳职业技术学院
河南,洛阳市,洛龙区,河南省洛阳市洛龙区学府街10号,河南推拿职业学院
河南,南阳市,西峡县,河南省南阳市西峡县工业大道东段,南阳职业学院
河南,郑州市,金水区,河南省郑州市金水区文化路15号,河南机电职业学院
河南,开封市,龙亭区,河南省开封市龙亭区开元大道1号,河南应用技术职业学院
河南,开封市,龙亭区,河南省开封市龙亭区东京大道中段,开封文化艺术职业学院
河南,新乡市,长垣县,河南省新乡市长垣县华豫大道与山海大道交叉口,长垣烹饪职业技术学院
河南,郑州市,荥阳市,河南省郑州市荥阳市桃贾路331号,郑州信息工程职业学院
河南,郑州市,新郑市,河南省郑州市新郑市新村镇6街坊,郑州理工职业学院
河南,许昌市,建安区,河南省许昌市建安区永宁街2号,许昌陶瓷职业学院
河南,焦作市,山阳区,河南省焦作市山阳区香港街1号,焦作工贸职业学院
河南,开封市,龙亭区,河南省开封市龙亭区开元大道1号,河南艺术职业学院
河南,新乡市,卫辉市,河南省新乡市卫辉市健康大道1号,新乡职业技术学院
河南,安阳市,文峰区,河南省安阳市文峰区开发区中所屯,安阳职业技术学院
河南,郑州市,新密市,河南省郑州市新密市溱水路西段618号,郑州城市职业学院
河南,郑州市,中原区,河南省郑州市中原区商都大道东1933号,郑州电力职业技术学院
河南,郑州市,金水区,河南省郑州市金水区鑫苑路5号,河南信息统计职业学院
河南,郑州市,中原区,河南省郑州市中原区郑上路81号,郑州职业技术学院
河南,郑州市,中牟县,河南省郑州市中牟县金龙路188号,郑州旅游职业学院
河南,郑州市,金水区,河南省郑州市金水区文化路80号,河南经贸职业学院
河南,商丘市,永城市,河南省商丘市永城市学府路2号,永城职业学院
河南,郑州市,新郑市,河南省郑州市新郑市321省道北侧,郑州工业安全职业学院
河南,郑州市,登封市,河南省郑州市登封市嵩山路南段,嵩山少林武术职业学院
河南,洛阳市,涧西区,河南省洛阳市涧西区科技大道18号,河南科技职业大学
河南,郑州市,荥阳市,河南省郑州市荥阳市科学大道1号,郑州电子信息职业技术学院
河南,平顶山市,新华区,河南省平顶山市新华区建设路东段,河南质量工程职业学院
河南,郑州市,金水区,河南省郑州市金水区文化路15号,郑州澍青医学高等专科学校
河南,南阳市,宛城区,河南省南阳市宛城区长江路1号,河南工业职业技术学院
河南,鹤壁市,淇滨区,河南省鹤壁市淇滨区朝歌路5号,鹤壁职业技术学院
河南,郑州市,金水区,河南省郑州市金水区文化路80号,河南司法警官职业学院
河南,济源市,济源市,河南省济源市济源市文昌中路413号,济源职业技术学院
河南,周口市,川汇区,河南省周口市川汇区文昌大道666号,周口职业技术学院
河南,平顶山市,新华区,河南省平顶山市新华区新南环路,平顶山工业职业技术学院
河南,商丘市,梁园区,河南省商丘市梁园区归德南路,商丘职业技术学院
河南,许昌市,魏都区,河南省许昌市魏都区新兴东路,许昌职业技术学院
河南,郑州市,新郑市,河南省郑州市新郑市龙湖镇祥安路1号,河南检察职业学院
河南,开封市,龙亭区,河南省开封市龙亭区东京大道1号,黄河水利职业技术学院
河南,焦作市,山阳区,河南省焦作市山阳区人民路178号,焦作师范高等专科学校
河南,郑州市,中牟县,河南省郑州市中牟县凤栖街296号,郑州电力高等专科学校
河南,濮阳市,华龙区,河南省濮阳市华龙区黄河西路249号,濮阳职业技术学院
河南,焦作市,山阳区,河南省焦作市山阳区人民路178号,焦作大学
河南,郑州市,中牟县,河南省郑州市中牟县前程路9号,郑州铁路职业技术学院
河南,三门峡市,湖滨区,河南省三门峡市湖滨区崤山西路42号,三门峡职业技术学院
河南,漯河市,源汇区,河南省漯河市源汇区大学路1号,漯河职业技术学院
河南,开封市,龙亭区,河南省开封市龙亭区东京大道中段,开封大学
河南,郑州市,新郑市,河南省郑州市新郑市人民路东段168号,郑州西亚斯学院
黑龙江,哈尔滨市,南岗区,黑龙江省哈尔滨市南岗区西大直街92号,哈尔滨工业大学
黑龙江,哈尔滨市,道里区,黑龙江省哈尔滨市道里区南通大街145号,哈尔滨工程大学
黑龙江,哈尔滨市,南岗区,黑龙江省哈尔滨市南岗区学府路196号,哈尔滨医科大学
黑龙江,哈尔滨市,香坊区,黑龙江省哈尔滨市香坊区文政街26号,东北林业大学
黑龙江,哈尔滨市,香坊区,黑龙江省哈尔滨市香坊区木材大街59号,东北农业大学
黑龙江,哈尔滨市,南岗区,黑龙江省哈尔滨市南岗区学府路74号,黑龙江大学
黑龙江,大庆市,龙凤区,黑龙江省大庆市龙凤区学府街99号,东北石油大学
黑龙江,哈尔滨市,道外区,黑龙江省哈尔滨市道外区和兴路50号,哈尔滨师范大学
黑龙江,哈尔滨市,南岗区,黑龙江省哈尔滨市南岗区征仪路249号,哈尔滨理工大学
黑龙江,哈尔滨市,香坊区,黑龙江省哈尔滨市香坊区建设街253号,黑龙江中医药大学
黑龙江,大庆市,龙凤区,黑龙江省大庆市龙凤区大庆服务外包产业园东北400米,黑龙江八一农垦大学
黑龙江,哈尔滨市,香坊区,黑龙江省哈尔滨市香坊区学府路1号,黑龙江工程学院
黑龙江,齐齐哈尔市,龙沙区,黑龙江省齐齐哈尔市龙沙区游览路93号,齐齐哈尔大学
黑龙江,哈尔滨市,松北区,黑龙江省哈尔滨市松北区学海街968号,哈尔滨商业大学
黑龙江,哈尔滨市,南岗区,黑龙江省哈尔滨市南岗区和兴路300号,黑龙江科技大学
黑龙江,佳木斯市,前进区,黑龙江省佳木斯市前进区学府街258号,佳木斯大学
黑龙江,牡丹江市,东安区,黑龙江省牡丹江市东安区文化街191号,牡丹江师范学院
黑龙江,哈尔滨市,南岗区,黑龙江省哈尔滨市南岗区学府路1号,哈尔滨学院
黑龙江,齐齐哈尔市,龙沙区,黑龙江省齐齐哈尔市龙沙区卜奎北大街333号,齐齐哈尔医学院
黑龙江,大庆市,让胡路区,黑龙江省大庆市让胡路区西宾西路78号,大庆师范学院
黑龙江,牡丹江市,爱民区,黑龙江省牡丹江市爱民区新安街15号,牡丹江医科大学
黑龙江,黑河市,爱辉区,黑龙江省黑河市爱辉区学院路1号,黑河学院
黑龙江,绥化市,北林区,黑龙江省绥化市北林区黄河路18号,绥化学院
黑龙江,哈尔滨市,南岗区,黑龙江省哈尔滨市南岗区学府路1号,黑龙江工业学院
黑龙江,哈尔滨市,香坊区,黑龙江省哈尔滨市香坊区公滨路58号,哈尔滨金融学院
黑龙江,哈尔滨市,道里区,黑龙江省哈尔滨市道里区体院街1号,哈尔滨体育学院
黑龙江,哈尔滨市,宾县,黑龙江省哈尔滨市宾县宾西开发区大学城9号,哈尔滨信息工程学院
黑龙江,哈尔滨市,南岗区,黑龙江省哈尔滨市南岗区学府路1号,黑龙江东方学院
黑龙江,哈尔滨市,南岗区,黑龙江省哈尔滨市南岗区学府路1号,黑龙江财经学院
黑龙江,哈尔滨市,松北区,黑龙江省哈尔滨市松北区松浦路297号,哈尔滨石油学院
黑龙江,齐齐哈尔市,龙沙区,黑龙江省齐齐哈尔市龙沙区喜庆路1号,齐齐哈尔工程学院
黑龙江,哈尔滨市,松北区,黑龙江省哈尔滨市松北区学院路288号,哈尔滨华德学院
黑龙江,哈尔滨市,南岗区,黑龙江省哈尔滨市南岗区哈平路239号,哈尔滨剑桥学院
黑龙江,哈尔滨市,南岗区,黑龙江省哈尔滨市南岗区学府路1号,黑龙江外国语学院
黑龙江,哈尔滨市,松北区,黑龙江省哈尔滨市松北区学院路1号,哈尔滨广厦学院
黑龙江,哈尔滨市,松北区,黑龙江省哈尔滨市松北区学院路1号,哈尔滨远东理工学院
黑龙江,哈尔滨市,南岗区,黑龙江省哈尔滨市南岗区学府路1号,黑龙江工商学院
黑龙江,哈尔滨市,松北区,黑龙江省哈尔滨市松北区学子街3179号,哈尔滨音乐学院
黑龙江,哈尔滨市,南岗区,黑龙江省哈尔滨市南岗区学府路1号,黑龙江护理高等专科学校
黑龙江,佳木斯市,郊区,黑龙江省佳木斯市郊区友谊街道华园社区,佳木斯职业学院
黑龙江,哈尔滨市,南岗区,黑龙江省哈尔滨市南岗区金溪路66号,哈尔滨科学技术职业学院
黑龙江,牡丹江市,东安区,黑龙江省牡丹江市东安区新安街15号,黑龙江幼儿师范高等专科学校
黑龙江,哈尔滨市,道里区,黑龙江省哈尔滨市道里区机场路998号,哈尔滨应用职业技术学院
黑龙江,齐齐哈尔市,龙沙区,黑龙江省齐齐哈尔市龙沙区交通路1号,黑龙江交通职业技术学院
黑龙江,大庆市,萨尔图区,黑龙江省大庆市萨尔图区卡尔加里路7号,大庆医学高等专科学校
黑龙江,哈尔滨市,南岗区,黑龙江省哈尔滨市南岗区哈南十五路1号,黑龙江民族职业学院
黑龙江,七台河市,桃山区,黑龙江省七台河市桃山区学府街229号,七台河职业学院
黑龙江,哈尔滨市,南岗区,黑龙江省哈尔滨市南岗区学府路1号,黑龙江生态工程职业学院
黑龙江,佳木斯市,前进区,黑龙江省佳木斯市前进区学府路1号,黑龙江三江美术职业学院
黑龙江,哈尔滨市,南岗区,黑龙江省哈尔滨市南岗区学府路1号,黑龙江旅游职业技术学院
黑龙江,双鸭山市,尖山区,黑龙江省双鸭山市尖山区安邦乡公立村,黑龙江能源职业学院
黑龙江,哈尔滨市,道里区,黑龙江省哈尔滨市道里区江南大道1号,哈尔滨江南职业技术学院
黑龙江,哈尔滨市,南岗区,黑龙江省哈尔滨市南岗区学府路1号,黑龙江信息技术职业学院
黑龙江,牡丹江市,东安区,黑龙江省牡丹江市东安区新安街15号,黑龙江商业职业学院
黑龙江,哈尔滨市,呼兰区,黑龙江省哈尔滨市呼兰区学院路街道,黑龙江生物科技职业学院
黑龙江,哈尔滨市,南岗区,黑龙江省哈尔滨市南岗区红旗乡京哈公路13.5公里处,哈尔滨传媒职业学院
黑龙江,哈尔滨市,南岗区,黑龙江省哈尔滨市南岗区哈南十五路20号,哈尔滨铁道职业技术学院
黑龙江,大兴安岭地区,加格达奇区,黑龙江省大兴安岭地区加格达奇区人民路,大兴安岭职业学院
黑龙江,哈尔滨市,南岗区,黑龙江省哈尔滨市南岗区学府路1号,黑龙江司法警官职业学院
黑龙江,哈尔滨市,南岗区,黑龙江省哈尔滨市南岗区学府路1号,黑龙江农垦职业学院
黑龙江,哈尔滨市,南岗区,黑龙江省哈尔滨市南岗区学府路1号,黑龙江农业工程职业学院
黑龙江,佳木斯市,前进区,黑龙江省佳木斯市前进区学府路1号,黑龙江农业职业技术学院
黑龙江,牡丹江市,阳明区,黑龙江省牡丹江市阳明区新华路50号,黑龙江林业职业技术学院
黑龙江,大庆市,萨尔图区,黑龙江省大庆市萨尔图区火炬东路8号,大庆职业学院
黑龙江,哈尔滨市,南岗区,黑龙江省哈尔滨市南岗区学府路1号,黑龙江艺术职业学院
黑龙江,哈尔滨市,南岗区,黑龙江省哈尔滨市南岗区学府路1号,黑龙江建筑职业技术学院
黑龙江,鹤岗市,东山区,黑龙江省鹤岗市东山区东方红乡宝泉岭农场三十一队西侧,鹤岗师范高等专科学校
黑龙江,哈尔滨市,南岗区,黑龙江省哈尔滨市南岗区学府路1号,黑龙江职业学院
黑龙江,牡丹江市,东安区,黑龙江省牡丹江市东安区新安街15号,牡丹江大学
黑龙江,齐齐哈尔市,龙沙区,黑龙江省齐齐哈尔市龙沙区文化大街147号,齐齐哈尔高等师范专科学校
黑龙江,伊春市,伊美区,黑龙江省伊春市伊美区学院路1号,伊春职业学院
黑龙江,哈尔滨市,阿城区,黑龙江省哈尔滨市阿城区新利街道,哈尔滨城市职业学院
湖北,武汉市,洪山区,湖北省武汉市洪山区珞喻路1037号,华中科技大学
湖北,武汉市,武昌区,湖北省武汉市武昌区珞珈山,武汉大学
湖北,武汉市,洪山区,湖北省武汉市洪山区狮子山街1号,华中农业大学
湖北,武汉市,洪山区,湖北省武汉市洪山区珞喻路152号,华中师范大学
湖北,武汉市,洪山区,湖北省武汉市洪山区珞狮路122号,武汉理工大学
湖北,武汉市,洪山区,湖北省武汉市洪山区鲁磨路388号,中国地质大学(武汉)
湖北,武汉市,江夏区,湖北省武汉市江夏区东湖高新区南湖大道182号,中南财经政法大学
湖北,武汉市,青山区,湖北省武汉市青山区和平大道947号,武汉科技大学
湖北,武汉市,武昌区,湖北省武汉市武昌区友谊大道368号,湖北大学
湖北,武汉市,洪山区,湖北省武汉市洪山区李家墩1号,湖北工业大学
湖北,武汉市,洪山区,湖北省武汉市洪山区余家头,武汉工程大学
湖北,武汉市,洪山区,湖北省武汉市洪山区纺织路1号,武汉纺织大学
湖北,宜昌市,西陵区,湖北省宜昌市西陵区大学路8号,三峡大学
湖北,荆州市,荆州区,湖北省荆州市荆州区南环路1号,长江大学
湖北,武汉市,洪山区,湖北省武汉市洪山区民族大道708号,中南民族大学
湖北,武汉市,常青区,湖北省武汉市常青区学府南路68号,武汉轻工大学
湖北,武汉市,江汉区,湖北省武汉市江汉区江汉路13号,江汉大学
湖北,武汉市,洪山区,湖北省武汉市洪山区花园山4号,湖北中医药大学
湖北,十堰市,茅箭区,湖北省十堰市茅箭区人民南路32号,湖北医药学院
湖北,武汉市,洪山区,湖北省武汉市洪山区珞喻路152号,湖北师范大学
湖北,武汉市,洪山区,湖北省武汉市洪山区文昌路246号,湖北第二师范学院
湖北,黄冈市,黄州区,湖北省黄冈市黄州区黄冈高新技术产业开发区,黄冈师范学院
湖北,襄阳市,襄城区,湖北省襄阳市襄城区隆中路296号,湖北文理学院
湖北,武汉市,江夏区,湖北省武汉市江夏区文化大道77号,湖北经济学院
湖北,武汉市,洪山区,湖北省武汉市洪山区雄楚大道488号,湖北科技学院
湖北,十堰市,张湾区,湖北省十堰市张湾区车城西路167号,湖北汽车工业学院
湖北,武汉市,洪山区,湖北省武汉市洪山区雄楚大道693号,湖北工程学院
湖北,武汉市,青山区,湖北省武汉市青山区红钢城街,湖北理工学院
湖北,武汉市,洪山区,湖北省武汉市洪山区珞喻路461号,武汉体育学院
湖北,武汉市,洪山区,湖北省武汉市洪山区民族大道182号,湖北民族大学
湖北,荆门市,掇刀区,湖北省荆门市掇刀区白庙路262号,荆楚理工学院
湖北,十堰市,茅箭区,湖北省十堰市茅箭区北京南路18号,汉江师范学院
湖北,武汉市,蔡甸区,湖北省武汉市蔡甸区东风大道816号,武汉商学院
湖北,武汉市,洪山区,湖北省武汉市洪山区南李路116号,湖北警官学院
湖北,宜昌市,西陵区,湖北省宜昌市西陵区大学路8号,三峡大学科技学院
湖北,武汉市,江夏区,湖北省武汉市江夏区藏龙岛开发区杨桥湖大道8号,湖北商贸学院
湖北,武汉市,洪山区,湖北省武汉市洪山区南李路28号附1号,湖北工业大学工程技术学院
湖北,武汉市,江夏区,湖北省武汉市江夏区杨桥湖大道1号,武汉设计工程学院
湖北,武汉市,洪山区,湖北省武汉市洪山区珞喻路205号,武汉工程大学邮电与信息工程学院
湖北,武汉市,江夏区,湖北省武汉市江夏区藏龙岛科技园栗庙路19号,武汉纺织大学外经贸学院
湖北,恩施市,舞阳坝街道,湖北省恩施土家族苗族自治州恩施市舞阳坝街道,湖北恩施学院
湖北,武汉市,江夏区,湖北省武汉市江夏区藏龙岛开发区,武汉体育学院体育科技学院
湖北,孝感市,孝南区,湖北省孝感市孝南区孝武大道,湖北工程学院新技术学院
湖北,十堰市,茅箭区,湖北省十堰市茅箭区车城西路167号,湖北汽车工业学院科技学院
湖北,宜昌市,西陵区,湖北省宜昌市西陵区大学路8号,三峡大学科技学院
湖北,武汉市,江夏区,湖北省武汉市江夏区藏龙岛开发区杨桥湖大道8号,湖北商贸学院
湖北,十堰市,茅箭区,湖北省十堰市茅箭区二堰街道医药学院8号楼,湖北医药学院药护学院
湖北,武汉市,江夏区,湖北省武汉市江夏区玉屏大道9号,武汉晴川学院
湖北,武汉市,江夏区,湖北省武汉市江夏区黄家湖大道333号,武汉学院
湖北,武汉市,新洲区,湖北省武汉市新洲区邾城街道,武汉传媒学院
湖北,武汉市,江夏区,湖北省武汉市江夏区杨桥湖大道,湖北经济学院法商学院
湖北,武汉市,洪山区,湖北省武汉市洪山区雄楚大道918号,武汉城市学院
湖北,襄阳市,襄城区,湖北省襄阳市襄城区尹集东街28号,湖北文理学院理工学院
湖北,武汉市,江夏区,湖北省武汉市江夏区李纸路,武汉东湖学院
湖北,武汉市,洪山区,湖北省武汉市洪山区珞喻路442号,武昌理工学院
湖北,武汉市,洪山区,湖北省武汉市洪山区珞喻路205号,文华学院
湖北,武汉市,洪山区,湖北省武汉市洪山区白沙洲大道青菱村,武汉工商学院
湖北,武汉市,蔡甸区,湖北省武汉市蔡甸区汉阳大街,汉口学院
湖北,武汉市,江夏区,湖北省武汉市江夏区熊廷弼路特8号,武汉工程科技学院
湖北,武汉市,洪山区,湖北省武汉市洪山区南湖大道,武汉华夏理工学院
湖北,武汉市,洪山区,湖北省武汉市洪山区雄楚大道918号,武昌工学院
湖北,武汉市,江汉区,湖北省武汉市江汉区解放大道,湖北美术学院
湖北,武汉市,洪山区,湖北省武汉市洪山区白沙洲大道青菱村,武汉工商学院
湖北,武汉市,洪山区,湖北省武汉市洪山区珞喻路205号,军事经济学院
湖北,武汉市,洪山区,湖北省武汉市洪山区珞喻路205号,空军预警学院
湖北,荆州市,荆州区,湖北省荆州市荆州区学苑路33号,长江大学文理学院
湖北,武汉市,洪山区,湖北省武汉市洪山区珞喻路205号,武汉工程大学邮电与信息工程学院
湖北,武汉市,洪山区,湖北省武汉市洪山区珞喻路205号,解放军第二炮兵指挥学院
湖北,武汉市,武昌区,湖北省武汉市武昌区解放路255号,武汉音乐学院
湖北,武汉市,江夏区,湖北省武汉市江夏区藏龙岛科技园栗庙路19号,武汉纺织大学外经贸学院
湖北,武汉市,汉南区,湖北省武汉市汉南区马影河大道66号,武汉铁路桥梁职业学院
湖北,鄂州市,鄂城区,湖北省鄂州市鄂城区滨湖北路,湖北幼儿师范高等专科学校
湖北,荆州市,荆州区,湖北省荆州市荆州区南环路,湖北中医药高等专科学校
湖北,十堰市,茅箭区,湖北省十堰市茅箭区北京中路,湖北工业职业技术学院
湖北,武汉市,江汉区,湖北省武汉市江汉区解放大道,武汉海事职业学院
湖北,武汉市,东湖高新区,湖北省武汉市东湖高新区光谷大道,武汉光谷职业学院
湖北,襄阳市,襄城区,湖北省襄阳市襄城区尹集东街66号,襄阳汽车职业技术学院
湖北,天门市,竟陵街道,湖北省天门市竟陵学院路特1号,天门职业学院
湖北,宜昌市,西陵区,湖北省宜昌市西陵区汉宜大道205号,三峡旅游职业技术学院
湖北,宜昌市,西陵区,湖北省宜昌市西陵区汉宜大道205号,三峡旅游职业技术学院
湖北,武汉市,洪山区,湖北省武汉市洪山区雄楚大道,湖北工程职业学院
湖北,武汉市,洪山区,湖北省武汉市洪山区珞喻路,湖北青年职业学院
湖北,宜昌市,西陵区,湖北省宜昌市西陵区绿萝路36号,三峡电力职业学院
湖北,武汉市,江夏区,湖北省武汉市江夏区藏龙岛开发区,湖北生态工程职业技术学院
湖北,武汉市,汉南区,湖北省武汉市汉南区育才路399号,湖北国土资源职业学院
湖北,武汉市,洪山区,湖北省武汉市洪山区珞喻路,湖北科技职业学院
湖北,黄冈市,团风县,湖北省黄冈市团风县团风镇,黄冈科技职业学院
湖北,武汉市,洪山区,湖北省武汉市洪山区珞喻路,湖北财税职业学院
湖北,武汉市,洪山区,湖北省武汉市洪山区虎泉街257号,武汉民政职业学院
湖北,武汉市,洪山区,湖北省武汉市洪山区珞喻路,江汉艺术职业学院
湖北,武汉市,江夏区,湖北省武汉市江夏区文化大道9号,长江工程职业技术学院
湖北,咸宁市,咸安区,湖北省咸宁市咸安区温泉街道咸宁大道118号,咸宁职业技术学院
湖北,武汉市,洪山区,湖北省武汉市洪山区珞喻路,湖北艺术职业学院
湖北,武汉市,江夏区,湖北省武汉市江夏区流芳街南环路88号,武汉商贸职业学院
湖北,武汉市,洪山区,湖北省武汉市洪山区珞喻路,武昌职业学院
湖北,武汉市,江夏区,湖北省武汉市江夏区江夏大道33号,武汉信息传播职业技术学院
湖北,武汉市,江夏区,湖北省武汉市江夏区栗庙路6号,武汉外语外事职业学院
湖北,武汉市,青山区,湖北省武汉市青山区红钢城街道,湖北开放职业学院
湖北,武汉市,洪山区,湖北省武汉市洪山区白沙洲大道6号,武汉交通职业学院
湖北,武汉市,洪山区,湖北省武汉市洪山区野芷湖1号,湖北生物科技职业学院
湖北,武汉市,硚口区,湖北省武汉市硚口区韩家墩街道,武汉警官职业学院
湖北,武汉市,洪山区,湖北省武汉市洪山区雄楚大街,湖北城市建设职业技术学院
湖北,武汉市,江夏区,湖北省武汉市江夏区五里界中洲岛,湖北水利水电职业技术学院
湖北,武汉市,洪山区,湖北省武汉市洪山区珞喻路,武汉电力职业技术学院
湖北,武汉市,江夏区,湖北省武汉市江夏区大学城,武汉软件工程职业学院
湖北,宜昌市,西陵区,湖北省宜昌市西陵区体育场路31号,湖北三峡职业技术学院
湖北,武汉市,洪山区,湖北省武汉市洪山区珞喻路,武汉铁路职业技术学院
湖北,武汉市,武昌区,湖北省武汉市武昌区南望山,武汉航海职业技术学院
湖北,武汉市,洪山区,湖北省武汉市洪山区珞喻路,湖北交通职业技术学院
湖北,随州市,曾都区,湖北省随州市曾都区城南新区,随州职业技术学院
湖北,武汉市,洪山区,湖北省武汉市洪山区珞喻路,湖北轻工职业技术学院
湖北,武汉市,新洲区,湖北省武汉市新洲区汉施路18号,武汉工程职业技术学院
湖北,荆州市,荆州区,湖北省荆州市荆州区学苑路21号,荆州职业技术学院
湖北,武汉市,洪山区,湖北省武汉市洪山区珞喻路,武汉工贸职业学院
湖北,恩施市,六角亭街道,湖北省恩施土家族苗族自治州恩施市六角亭街道,恩施职业技术学院
湖北,武汉市,汉阳区,湖北省武汉市汉阳区琴台大道,武汉船舶职业技术学院
湖北,武汉市,洪山区,湖北省武汉市洪山区南李路127号,武汉城市职业学院
湖北,荆州市,沙市区,湖北省荆州市沙市区,荆州理工职业学院
湖北,武汉市,洪山区,湖北省武汉市洪山区珞喻路,长江职业学院
湖北,黄冈市,黄州区,湖北省黄冈市黄州区南湖桃园街109号,黄冈职业技术学院
湖北,武汉市,洪山区,湖北省武汉市洪山区珞喻路,武汉职业技术学院
湖北,武汉市,洪山区,湖北省武汉市洪山区珞喻路,湖北职业技术学院
湖北,仙桃市,干河街道,湖北省仙桃市干河街道纺织大道8号,仙桃职业学院
湖北,荆门市,掇刀区,湖北省荆门市掇刀区军马场路3号,荆门职业学院
湖北,荆州市,荆州区,湖北省荆州市荆州区纪南镇,长江艺术工程职业学院
湖北,武汉市,武昌区,湖北省武汉市武昌区南湖大道特1号,海军工程大学
湖南,长沙市,岳麓区,湖南省长沙市岳麓区麓山南路,中南大学
湖南,长沙市,岳麓区,湖南省长沙市岳麓区麓山路2号,湖南大学
湖南,长沙市,岳麓区,湖南省长沙市岳麓区麓山路36号,湖南师范大学
湖南,长沙市,芙蓉区,湖南省长沙市芙蓉区农大路1号,湖南农业大学
湖南,湘潭市,雨湖区,湖南省湘潭市雨湖区羊牯塘27号,湘潭大学
湖南,长沙市,天心区,湖南省长沙市天心区赤岭路178号,长沙理工大学
湖南,株洲市,天元区,湖南省株洲市天元区泰山路88号,湖南工业大学
湖南,衡阳市,蒸湘区,湖南省衡阳市蒸湘区常胜西路28号,南华大学
湖南,长沙市,天心区,湖南省长沙市天心区韶山南路498号,中南林业科技大学
湖南,长沙市,岳麓区,湖南省长沙市岳麓区含浦科教园区,湖南中医药大学
湖南,吉首市,乾州街道,湖南省吉首市乾州街道砂子坳,吉首大学
湖南,岳阳市,岳阳楼区,湖南省岳阳市岳阳楼区学院路169号,湖南理工学院
湖南,长沙市,岳麓区,湖南省长沙市岳麓区咸嘉湖路569号,湖南工商大学
湖南,长沙市,芙蓉区,湖南省长沙市芙蓉区文艺路,长沙学院
湖南,长沙市,芙蓉区,湖南省长沙市芙蓉区文昌阁路,湖南第一师范学院
湖南,衡阳市,珠晖区,湖南省衡阳市珠晖区衡花路,衡阳师范学院
湖南,常德市,武陵区,湖南省常德市武陵区柳叶大道,湖南文理学院
湖南,怀化市,鹤城区,湖南省怀化市鹤城区迎丰东路,怀化学院
湖南,益阳市,赫山区,湖南省益阳市赫山区东部新区,湖南城市学院
湖南,郴州市,北湖区,湖南省郴州市北湖区人民西路,湘南学院
湖南,湘潭市,岳塘区,湖南省湘潭市岳塘区福星中路88号,湖南工程学院
湖南,娄底市,娄星区,湖南省娄底市娄星区育才路,湖南人文科技学院
湖南,邵阳市,双清区,湖南省邵阳市双清区七里坪,邵阳学院
湖南,长沙市,天心区,湖南省长沙市天心区枫林二路139号,湖南财政经济学院
湖南,长沙市,开福区,湖南省长沙市开福区特立路9号,长沙师范学院
湖南,长沙市,开福区,湖南省长沙市开福区洪山路,湖南警察学院
湖南,长沙市,岳麓区,湖南省长沙市岳麓区咸嘉湖路,湖南女子学院
湖南,长沙市,雨花区,湖南省长沙市雨花区万家丽南路,湖南工学院
湖南,长沙市,望城区,湖南省长沙市望城区旺旺中路,长沙医学院
湖南,长沙市,望城区,湖南省长沙市望城区月亮岛,湖南涉外经济学院
湖南,长沙市,芙蓉区,湖南省长沙市芙蓉区东湖街道,湖南农业大学东方科技学院
湖南,长沙市,天心区,湖南省长沙市天心区金盆岭街道,长沙理工大学城南学院
湖南,长沙市,雨花区,湖南省长沙市雨花区跳马镇,长沙航空职业技术学院
湖南,长沙市,宁乡市,湖南省长沙市宁乡市夏铎铺镇,长沙卫生职业学院
湖南,株洲市,荷塘区,湖南省株洲市荷塘区月塘街道,湖南工业大学科技学院
湖南,长沙市,岳麓区,湖南省长沙市岳麓区含浦科教园区,湖南中医药大学湘杏学院
湖南,长沙市,雨花区,湖南省长沙市雨花区万家丽南路,湖南三一工业职业技术学院
湖南,株洲市,天元区,湖南省株洲市天元区株洲大道,湖南铁路科技职业技术学院
湖南,长沙市,开福区,湖南省长沙市开福区三一大道289号,湖南现代物流职业技术学院
湖南,长沙市,岳麓区,湖南省长沙市岳麓区含浦科教园区,湖南水利水电职业技术学院
湖南,长沙市,雨花区,湖南省长沙市雨花区万家丽南路,长沙电力职业技术学院
湖南,益阳市,资阳区,湖南省益阳市资阳区益阳大道,湖南工艺美术职业学院
湖南,益阳市,赫山区,湖南省益阳市赫山区迎宾路,湖南高尔夫旅游职业学院
湖南,长沙市,望城区,湖南省长沙市望城区月亮岛,长沙南方职业学院
湖南,郴州市,北湖区,湖南省郴州市北湖区人民西路,湖南财经工业职业技术学院
湖南,长沙市,望城区,湖南省长沙市望城区月亮岛,长沙环境保护职业技术学院
湖南,湘潭市,岳塘区,湖南省湘潭市岳塘区福星中路,湘潭医卫职业技术学院
湖南,长沙市,开福区,湖南省长沙市开福区洪山路,湖南司法警官职业学院
湖南,长沙市,雨花区,湖南省长沙市雨花区万家丽南路,保险职业学院
湖南,长沙市,开福区,湖南省长沙市开福区洪山路,湖南商务职业技术学院
湖南,长沙市,开福区,湖南省长沙市开福区天华路195号,湖南大众传媒职业技术学院
湖南,长沙市,岳麓区,湖南省长沙市岳麓区含浦科教园区,长沙民政职业技术学院
湖南,永州市,冷水滩区,湖南省永州市冷水滩区南津北路338号,永州职业技术学院
湖南,长沙市,天心区,湖南省长沙市天心区雷锋大道,长沙职业技术学院
湖南,岳阳市,岳阳楼区,湖南省岳阳市岳阳楼区学院路,岳阳职业技术学院
湖南,湘西土家族苗族自治州,吉首市,湖南省吉首市乾州街道,湖南医药学院
湖南,长沙市,岳麓区,湖南省长沙市岳麓区含浦科教园区,湖南外国语职业学院
湖南,长沙市,岳麓区,湖南省长沙市岳麓区含浦科教园区,湖南安全技术职业学院
湖南,长沙市,岳麓区,湖南省长沙市岳麓区含浦科教园区,湖南艺术职业学院
湖南,长沙市,岳麓区,湖南省长沙市岳麓区含浦科教园区,湖南邮电职业技术学院
湖南,长沙市,岳麓区,湖南省长沙市岳麓区含浦科教园区,湖南网络工程职业学院
湖南,长沙市,岳麓区,湖南省长沙市岳麓区含浦科教园区,湖南工程职业技术学院
湖南,长沙市,岳麓区,湖南省长沙市岳麓区含浦科教园区,湖南体育职业学院
湖南,长沙市,岳麓区,湖南省长沙市岳麓区含浦科教园区,湖南交通职业技术学院
湖南,长沙市,岳麓区,湖南省长沙市岳麓区含浦科教园区,湖南科技职业学院
湖南,长沙市,岳麓区,湖南省长沙市岳麓区含浦科教园区,湖南工业职业技术学院
湖南,长沙市,岳麓区,湖南省长沙市岳麓区含浦科教园区,长沙工业学院
吉林,长春市,朝阳区,吉林省长春市朝阳区工农大路1478号,长春中医药大学
吉林,长春市,净月区,吉林省长春市净月区博硕路1399号,吉林警察学院
吉林,长春市,净月区,吉林省长春市净月区博硕路1488号,长春人文学院
吉林,长春市,净月区,吉林省长春市净月区净月大街3699号,吉林财经大学
吉林,长春市,宽城区,吉林省长春市宽城区兰家镇学理路333号,长春电子科技学院
吉林,长春市,宽城区,吉林省长春市宽城区合隆镇景苑路1号,吉林司法警官职业学院
吉林,长春市,双阳区,吉林省长春市双阳区,长春大学旅游学院
吉林,长春市,南关区,吉林省长春市南关区卫星路7989号,长春理工大学
吉林,长春市,南关区,吉林省长春市南关区东荣大路1350号,长春师范大学
吉林,长春市,南关区,吉林省长春市南关区宽平大路395号,长春工程学院
吉林,长春市,北湖区,吉林省长春市北湖区北远达大街3000号,长春工业大学
吉林,长春市,经开区,吉林省长春市经开区武汉路3706号,长春光华学院
吉林,长春市,经开区,吉林省长春市经开区博识路168号,吉林动画学院
吉林,长春市,经开区,吉林省长春市经开区卫星路3278号,长春职业技术学院
吉林,长春市,经开区,吉林省长春市经开区东风大街9999号,长春汽车工业高等专科学校
吉林,长春市,高新区,吉林省长春市高新区人民大街7696号,长春金融高等专科学校
吉林,长春市,绿园区,吉林省长春市绿园区东北师范大学,东北师范大学
吉林,长春市,绿园区,吉林省长春市绿园区吉林农业大学,吉林农业大学
吉林,长春市,绿园区,吉林省长春市绿园区吉林工程技术师范学院,吉林工程技术师范学院
吉林,长春市,净月区,吉林省长春市净月区新立城镇爱国村聚业大街6566号,吉林水利电力职业学院
吉林,长春市,南关区,吉林省长春市南关区吉林大路6177号,长春医学高等专科学校
吉林,吉林市,船营区,吉林省吉林市船营区,吉林大学
吉林,吉林市,船营区,吉林省吉林市船营区长春路169号,东北电力大学
吉林,吉林市,丰满区,吉林省吉林市丰满区,北华大学
吉林,吉林市,丰满区,吉林省吉林市丰满区,吉林工业职业技术学院
吉林,吉林市,龙潭区,吉林省吉林市龙潭区,吉林电子信息职业技术学院
吉林,吉林市,高新区,吉林省吉林市高新区吉林大街5号,吉林医药学院
吉林,吉林市,昌邑区,吉林省吉林市昌邑区,吉林铁道职业技术学院
吉林,延边州,延吉市,吉林省延边朝鲜族自治州延吉市,延边大学
吉林,四平市,铁西区,吉林省四平市铁西区,吉林师范大学博达学院
吉林,四平市,铁东区,吉林省四平市铁东区长发路1299号,吉林工程职业学院
吉林,四平市,铁东区,吉林省四平市铁东区山门镇,四平职业大学
吉林,通化市,东昌区,吉林省通化市东昌区玉泉路950号,通化师范学院
吉林,白城市,洮北区,吉林省白城市洮北区中兴西大路57号,白城师范学院
吉林,白城市,开发区,吉林省白城市开发区白平公路50-34号,白城职业技术学院
吉林,白城市,洮北区,吉林省白城市洮北区棉纺路27号,白城医学高等专科学校
吉林,白山市,浑江区,吉林省白山市浑江区北安大街2998号,长白山职业技术学院
吉林,松原市,宁江区,吉林省松原市宁江区中山大街820号,松原职业技术学院
吉林,辽源市,龙山区,吉林省辽源市龙山区仙城大街2348号,辽源职业技术学院
吉林,长春市,南关区,吉林省长春市南关区,吉林建筑大学
吉林,长春市,朝阳区,吉林省长春市朝阳区,吉林体育学院
吉林,长春市,净月区,吉林省长春市净月区,吉林艺术学院
吉林,长春市,双阳区,吉林省长春市双阳区,长春建筑学院
吉林,长春市,朝阳区,吉林省长春市朝阳区,空军航空大学
吉林,长春市,南关区,吉林省长春市南关区,吉林师范大学
吉林,长春市,朝阳区,吉林省长春市朝阳区,吉林外国语大学
吉林,长春市,南关区,吉林省长春市南关区,吉林建筑科技学院
吉林,长春市,南关区,吉林省长春市南关区长隆公路2015号,长春师范高等专科学校
吉林,长春市,净月区,吉林省长春市净月区擎天树街58号,长春财经学院
吉林,长春市,经开区,吉林省长春市经开区学院大街616号,长春科技学院
吉林,长春市,北湖区,吉林省长春市北湖区福祉大路1178号,长春工业大学人文信息学院
江苏,南京市,鼓楼区,江苏省南京市鼓楼区汉口路22号,南京大学
江苏,南京市,玄武区,江苏省南京市玄武区四牌楼2号,东南大学
江苏,苏州市,工业园区,江苏省苏州市工业园区独墅湖科教创新区仁爱路158号,中国人民大学(苏州校区)
江苏,南京市,玄武区,江苏省南京市玄武区孝陵卫200号,南京理工大学
江苏,南京市,秦淮区,江苏省南京市秦淮区瑞金路街道南京航空航天大学明故宫校区,南京航空航天大学
江苏,苏州市,姑苏区,江苏省苏州市姑苏区十梓街1号,苏州大学
江苏,南京市,栖霞区,江苏省南京市栖霞区迈皋桥街道和燕路290号,南京医科大学
江苏,南京市,玄武区,江苏省南京市玄武区卫岗1号,南京农业大学
江苏,徐州市,泉山区,江苏省徐州市泉山区南三环路1号,中国矿业大学(徐州)
江苏,南京市,栖霞区,江苏省南京市栖霞区文苑路128号,南京师范大学
江苏,无锡市,滨湖区,江苏省无锡市滨湖区蠡湖大道1800号,江南大学
江苏,南京市,鼓楼区,江苏省南京市鼓楼区西康路1号,河海大学
江苏,镇江市,京口区,江苏省镇江市京口区学府路301号,江苏大学
江苏,扬州市,邗江区,江苏省扬州市邗江区大学南路88号,扬州大学
江苏,南京市,浦口区,江苏省南京市浦口区浦珠北路30号,南京工业大学
江苏,南京市,栖霞区,江苏省南京市栖霞区文苑路9号,南京邮电大学
江苏,南京市,浦口区,江苏省南京市浦口区宁六路219号,南京信息工程大学
江苏,南京市,鼓楼区,江苏省南京市鼓楼区童家巷24号,中国药科大学
江苏,南京市,玄武区,江苏省南京市玄武区龙蟠路159号,南京林业大学
江苏,南京市,江宁区,江苏省南京市江宁区龙眠大道138号,南京中医药大学
江苏,徐州市,铜山区,江苏省徐州市铜山区上海路688号,江苏师范大学
江苏,苏州市,虎丘区,江苏省苏州市虎丘区学府路333号,江苏科技大学
江苏,常州市,武进区,江苏省常州市武进区滆湖中路1号,常州大学
江苏,南通市,崇川区,江苏省南通市崇川区啬园路9号,南通大学
江苏,苏州市,工业园区,江苏省苏州市工业园区独墅湖高教区仁爱路111号,西交利物浦大学
江苏,南京市,红山区,江苏省南京市红山路77号,南京财经大学
江苏,南京市,浦口区,江苏省南京市浦口区江浦街道雨山西路99号,南京审计大学
江苏,苏州市,虎丘区,江苏省苏州市虎丘区横塘街道科锐路1号,苏州科技大学
江苏,徐州市,云龙区,江苏省徐州市云龙区铜山路209号,徐州医科大学
江苏,南京市,江宁区,江苏省南京市江宁区弘景大道1号,南京工程学院
江苏,盐城市,亭湖区,江苏省盐城市亭湖区建军东路211号,盐城工学院
江苏,淮安市,淮阴区,江苏省淮安市淮阴区长江西路8号,淮阴工学院
江苏,南京市,江宁区,江苏省南京市江宁区弘景大道99号,金陵科技学院
江苏,常熟市,虞山区,江苏省常熟市虞山区南三环路99号,常熟理工学院
江苏,淮安市,淮阴区,江苏省淮安市淮阴区长江西路111号,淮阴师范学院
江苏,常州市,武进区,江苏省常州市武进区辽河路666号,常州工学院
江苏,盐城市,亭湖区,江苏省盐城市亭湖区东亭湖街道,盐城师范学院
江苏,连云港市,海州区,江苏省连云港市海州区苍梧路59号,江苏海洋大学
江苏,苏州市,吴中区,江苏省苏州市吴中区吴中大道1号,江苏理工学院
江苏,无锡市,滨湖区,江苏省无锡市滨湖区钱荣路1号,无锡学院
江苏,南京市,江宁区,江苏省南京市江宁区弘景大道3601号,南京晓庄学院
江苏,南京市,浦口区,江苏省南京市浦口区江浦街道沿江街200号,江苏第二师范学院
江苏,徐州市,云龙区,江苏省徐州市云龙区大学路2号,徐州工程学院
江苏,宿迁市,宿城区,江苏省宿迁市宿城区项里街道,宿迁学院
江苏,泰州市,海陵区,江苏省泰州市海陵区迎春路225号,泰州学院
江苏,南京市,秦淮区,江苏省南京市秦淮区灵谷寺路8号,南京体育学院
江苏,苏州市,吴中区,江苏省苏州市吴中区越溪街道吴中大道1188号,苏州城市学院
江苏,南京市,玄武区,江苏省南京市玄武区孝陵卫300号,江苏警官学院
江苏,南京市,栖霞区,江苏省南京市栖霞区燕子矶街道神农路1号,南京特殊教育师范学院
江苏,南京市,栖霞区,江苏省南京市栖霞区仙林街道文澜路28号,南京警察学院
江苏,苏州市,吴中区,江苏省苏州市吴中区木渎镇长江路55号,苏州科技大学天平学院
江苏,镇江市,京口区,江苏省镇江市京口区梦溪路2号,江苏大学京江学院
江苏,南京市,栖霞区,江苏省南京市栖霞区仙林大道169号,南京财经大学红山学院
江苏,苏州市,吴中区,江苏省苏州市吴中区石湖西路188号,苏州大学应用技术学院
江苏,昆山市,花桥镇,江苏省昆山市花桥镇杜克大道8号,昆山杜克大学
江苏,扬州市,邗江区,江苏省扬州市邗江区南路199号,扬州大学广陵学院
江苏,苏州市,张家港市,江苏省苏州市张家港市杨舍镇长兴中路8号,江苏科技大学苏州理工学院
江苏,南京市,栖霞区,江苏省南京市栖霞区马群街169号,南京医科大学康达学院
江苏,常州市,武进区,江苏省常州市武进区滆湖中路2号,常州大学怀德学院
江苏,泰州市,海陵区,江苏省泰州市海陵区药城大道1号,南京中医药大学翰林学院
江苏,南京市,江宁区,江苏省南京市江宁区文苑路9号,东南大学成贤学院
江苏,南京市,江宁区,江苏省南京市江宁区科教路99号,南京大学金陵学院
江苏,徐州市,铜山区,江苏省徐州市铜山区上海路101号,江苏师范大学科文学院
江苏,扬州市,邗江区,江苏省扬州市邗江区润扬南路33号,南京邮电大学通达学院
江苏,泰州市,海陵区,江苏省泰州市海陵区济川东路96号,南京师范大学泰州学院
江苏,泰州市,海陵区,江苏省泰州市海陵区迎春路88号,南京理工大学泰州科技学院
江苏,南通市,崇川区,江苏省南通市崇川区永兴路14号,南通理工学院
江苏,南京市,栖霞区,江苏省南京市栖霞区仙林大道158号,三江学院
江苏,无锡市,滨湖区,江苏省无锡市滨湖区蠡湖大道1800号,无锡太湖学院
江苏,南京市,溧水区,江苏省南京市溧水区石湫街道励学路9号,南京工业大学浦江学院
江苏,徐州市,泉山区,江苏省徐州市泉山区金山东路1号,中国矿业大学徐海学院
江苏,南京市,栖霞区,江苏省南京市栖霞区仙林大道2号,解放军国际关系学院
江苏,南京市,白下区,江苏省南京市白下区中山东路88号,南京政治学院
江苏,南通市,崇川区,江苏省南通市崇川区啬园路9号,南通大学杏林学院
江苏,南京市,江宁区,江苏省南京市江宁区淳化街道弘景大道3666号,南京传媒学院
江苏,南京市,秦淮区,江苏省南京市秦淮区中山东路264号,解放军理工大学
江苏,南京市,栖霞区,江苏省南京市栖霞区仙林街道文澜路89号,南京理工大学紫金学院
江苏,南京市,白下区,江苏省南京市白下区中山东路200号,解放军南京陆军指挥学院
江苏,南京市,鼓楼区,江苏省南京市鼓楼区北京西路74号,南京艺术学院
江苏,南通市,崇川区,江苏省南通市崇川区青年中路89号,江苏商贸职业学院
江苏,徐州市,沛县,江苏省徐州市沛县张寨镇253省道,徐州生物工程职业技术学院
江苏,徐州市,云龙区,江苏省徐州市云龙区大学路1号,江苏安全技术职业学院
江苏,镇江市,京口区,江苏省镇江市京口区学府路301号,江苏航空职业技术学院
江苏,常州市,钟楼区,江苏省常州市钟楼区邹区镇殷村和裕路1号,江苏城乡建设职业学院
江苏,扬州市,邗江区,江苏省扬州市邗江区新盛街道文汇西路608号,扬州中瑞酒店职业学院
江苏,徐州市,贾汪区,江苏省徐州市贾汪区潘安湖街道荒里村,徐州幼儿师范高等专科学校
江苏,苏州市,工业园区,江苏省苏州市工业园区若水路99号,苏州工业园区服务外包职业学院
江苏,宿迁市,宿豫区,江苏省宿迁市宿豫区晓店街道合欢路66号,宿迁泽达职业技术学院
江苏,苏州市,吴江区,江苏省苏州市吴江区松陵街道鲈乡南路1237号,苏州信息职业技术学院
江苏,南京市,浦口区,江苏省南京市浦口区江浦街道黄山岭路69号,江苏卫生健康职业学院
江苏,南京市,江宁区,江苏省南京市江宁区淳化街道月华西路1号,南京旅游职业学院
江苏,苏州市,工业园区,江苏省苏州市工业园区独墅湖大道1号,苏州高博职业学院
江苏,连云港市,海州区,江苏省连云港市海州区花果山街道,江苏财会职业学院
江苏,南京市,高淳区,江苏省南京市高淳区古柏街道鹿鸣大道33号,南京机电职业技术学院
江苏,南京市,溧水区,江苏省南京市溧水区柘塘街道柘宁东路116号,南京视觉艺术职业学院
江苏,昆山市,玉山镇,江苏省昆山市玉山镇萧林中路99号,昆山登云科技职业学院
江苏,扬州市,邗江区,江苏省扬州市邗江区工农路,扬州工业职业技术学院
江苏,淮安市,清江浦区,江苏省淮安市清江浦区枚乘东路4号,江苏财经职业技术学院
江苏,苏州市,昆山市,江苏省苏州市昆山市健雄路1号,苏州健雄职业技术学院
江苏,徐州市,泉山区,江苏省徐州市泉山区金山东路2号,金山职业技术学院
江苏,无锡市,宜兴市,江苏省无锡市宜兴市宜城街道荆邑南路99号,无锡工艺职业技术学院
江苏,无锡市,滨湖区,江苏省无锡市滨湖区钱藕路12号,无锡城市职业技术学院
江苏,无锡市,江阴市,江苏省无锡市江阴市南闸街道锡澄路168号,江阴职业技术学院
江苏,常州市,武进区,江苏省常州市武进区湖塘镇鸣新中路26号,常州机电职业技术学院
江苏,扬州市,邗江区,江苏省扬州市邗江区扬子江南路5号,江海职业技术学院
江苏,南京市,栖霞区,江苏省南京市栖霞区仙林街道文澜路99号,南京信息职业技术学院
江苏,宿迁市,宿豫区,江苏省宿迁市宿豫区晓店街道,宿迁职业技术学院
江苏,徐州市,鼓楼区,江苏省徐州市鼓楼区九里街道,徐州工业职业技术学院
江苏,南京市,浦口区,江苏省南京市浦口区珍珠南路65号,南京铁道职业技术学院
江苏,常州市,新北区,江苏省常州市新北区新桥街道嫩江路1号,建东职业技术学院
江苏,淮安市,淮阴区,江苏省淮安市淮阴区枚乘东路4号,江苏食品药品职业技术学院
江苏,常州市,武进区,江苏省常州市武进区文昌东路19号,江苏农林职业技术学院
江苏,常州市,武进区,江苏省常州市武进区滆湖中路1号,常州工程职业技术学院
江苏,常州市,武进区,江苏省常州市武进区鸣新中路28号,常州工业职业技术学院
江苏,南京市,江宁区,江苏省南京市江宁区禄口街道金铜路2号,金肯职业技术学院
江苏,无锡市,惠山区,江苏省无锡市惠山区钱桥街道钱藕路2号,江南影视艺术职业学院
江苏,南京市,江宁区,江苏省南京市江宁区弘景大道88号,江苏信息职业技术学院
江苏,无锡市,滨湖区,江苏省无锡市滨湖区山水西路99号,无锡南洋职业技术学院
江苏,南京市,江宁区,江苏省南京市江宁区秣陵街道将军大道18号,正德职业技术学院
江苏,南京市,栖霞区,江苏省南京市栖霞区葛关路625号,南京科技职业学院
江苏,淮安市,涟水县,江苏省淮安市涟水县涟城街道炎黄大道东1号,炎黄职业技术学院
江苏,无锡市,滨湖区,江苏省无锡市滨湖区荣巷街道钱荣路,太湖创意职业技术学院
江苏,苏州市,工业园区,江苏省苏州市工业园区若水路1号,苏州工业园区职业技术学院
江苏,苏州市,虎丘区,江苏省苏州市虎丘区西园路279号,苏州农业职业技术学院
江苏,常州市,武进区,江苏省常州市武进区滆湖中路3号,常州纺织服装职业技术学院
江苏,南京市,栖霞区,江苏省南京市栖霞区马群街道马群街169号,钟山职业技术学院
江苏,泰州市,海陵区,江苏省泰州市海陵区城南街道凤凰东路8号,江苏农牧科技职业学院
江苏,南京市,江宁区,江苏省南京市江宁区龙眠大道629号,南京交通职业技术学院
江苏,南通市,崇川区,江苏省南通市崇川区新开街道通盛大道185号,江苏航运职业技术学院
江苏,无锡市,滨湖区,江苏省无锡市滨湖区胡埭镇钱胡公路809号,无锡商业职业技术学院
江苏,苏州市,虎丘区,江苏省苏州市虎丘区宝带西路1108号,苏州卫生职业技术学院
江苏,苏州市,虎丘区,江苏省苏州市虎丘区横塘街道致能大道1号,苏州工业职业技术学院
江苏,苏州市,虎丘区,江苏省苏州市虎丘区学府路287号,苏州经贸职业技术学院
江苏,南通市,崇川区,江苏省南通市崇川区学田街道青年中路136号,南通科技职业学院
江苏,盐城市,亭湖区,江苏省盐城市亭湖区希望大道南路8号,江苏医药职业学院
江苏,无锡市,新吴区,江苏省无锡市新吴区旺庄街道新锡路8号,无锡科技职业学院
江苏,南京市,栖霞区,江苏省南京市栖霞区仙林大道2号,江苏海事职业技术学院
江苏,常州市,武进区,江苏省常州市武进区湖塘镇鸣新中路22号,常州信息职业技术学院
江苏,泰州市,海陵区,江苏省泰州市海陵区天星路8号,泰州职业技术学院
江苏,苏州市,昆山市,江苏省苏州市昆山市花桥镇,硅湖职业技术学院
江苏,徐州市,泉山区,江苏省徐州市泉山区金山东路3号,九州职业技术学院
江苏,南京市,江宁区,江苏省南京市江宁区文鼎路88号,江苏经贸职业技术学院
江苏,苏州市,吴江区,江苏省苏州市吴江区松陵镇开平路88号,沙洲职业工学院
江苏,苏州市,虎丘区,江苏省苏州市虎丘区学府路1号,苏州职业大学
江苏,南通市,崇川区,江苏省南通市崇川区青年中路89号,南通职业大学
江西省,南昌市,青山湖区,江西省南昌市青山湖区,南昌大学
江西省,南昌市,青山湖区,江西省南昌市青山湖区,江西财经大学
江西省,南昌市,青山湖区,江西省南昌市青山湖区,江西师范大学
江西省,南昌市,青山湖区,江西省南昌市青山湖区,南昌航空大学
江西省,南昌市,青山湖区,江西省南昌市青山湖区,江西理工大学
江西省,南昌市,青山湖区,江西省南昌市青山湖区,华东交通大学
江西省,南昌市,青山湖区,江西省南昌市青山湖区,江西农业大学
江西省,南昌市,青山湖区,江西省南昌市青山湖区,东华理工大学
江西省,赣州市,章贡区,江西省赣州市章贡区,赣南师范大学
江西省,南昌市,青山湖区,江西省南昌市青山湖区,江西中医药大学
江西省,吉安市,吉州区,江西省吉安市吉州区,井冈山大学
江西省,景德镇市,昌江区,江西省景德镇市昌江区行知路,景德镇陶瓷大学
江西省,南昌市,青山湖区,江西省南昌市青山湖区天祥大道289号,南昌工程学院
江西省,南昌市,青山湖区,江西省南昌市青山湖区,江西科技师范大学
江西省,宜春市,袁州区,江西省宜春市袁州区学府路576号,宜春学院
江西省,上饶市,信州区,江西省上饶市信州区南环路85号,上饶师范学院
江西省,赣州市,章贡区,江西省赣州市南康区新康东大道北50米,赣南医科大学
江西省,南昌市,红谷滩区,江西省南昌市红谷滩区瑞香路889号,南昌师范学院
江西省,九江市,浔阳区,江西省九江市浔阳区前进东路,九江学院
江西省,萍乡市,安源区,江西省萍乡市安源区,萍乡学院
江西省,景德镇市,昌江区,江西省景德镇市昌江区,景德镇学院
江西省,新余市,渝水区,江西省新余市渝水区,新余学院
江西省,南昌市,青山湖区,江西省南昌市青山湖区梅岭大道1999号,豫章师范学院
江西省,赣州市,章贡区,江西省赣州市章贡区客家大道156号,赣南科技学院
江西省,抚州市,临川区,江西省抚州市临川区,赣东学院
江西省,南昌市,红谷滩区,江西省南昌市红谷滩区复兴大街以北,南昌医学院
江西省,南昌市,青山湖区,江西省南昌市青山湖区,江西农业大学南昌商学院
江西省,九江市,共青城市,江西省九江市共青城市,江西财经大学现代经济管理学院
江西省,南昌市,青山湖区,江西省南昌市青山湖区,南昌航空大学科技学院
江西省,景德镇市,浮梁县,江西省景德镇市浮梁县和谐大道,景德镇艺术职业大学
江西省,九江市,共青城市,江西省九江市共青城市,南昌大学共青学院
江西省,南昌市,红谷滩区,江西省南昌市红谷滩区明月山大道1599号,南昌应用技术师范学院
江西省,赣州市,章贡区,江西省赣州市章贡区南外街道,赣南师范大学科技学院
江西省,南昌市,青山湖区,江西省南昌市青山湖区,南昌大学科学技术学院
江西省,南昌市,青山湖区,江西省南昌市青山湖区,江西师范大学科学技术学院
江西省,南昌市,青山湖区,江西省南昌市青山湖区黄家湖东路111号,南昌交通学院
江西省,南昌市,青山湖区,江西省南昌市青山湖区,江西服装学院
江西省,南昌市,青山湖区,江西省南昌市青山湖区,江西科技学院
江西省,南昌市,青山湖区,江西省南昌市青山湖区,江西工程学院
江西省,南昌市,青山湖区,江西省南昌市青山湖区,江西应用科技学院
江西省,南昌市,青山湖区,江西省南昌市青山湖区生米镇创业南路998号,南昌工学院
江西省,南昌市,南昌县,江西省南昌市南昌县蒋巷镇蒋巷西大道266号,南昌影视传播职业学院
江西省,吉安市,吉州区,江西省吉安市吉州区,吉安职业技术学院
江西省,宜春市,袁州区,江西省宜春市袁州区锦绣大道1699号,宜春幼儿师范高等专科学校
江西省,赣州市,章贡区,江西省赣州市章贡区,赣州师范高等专科学校
江西省,新余市,渝水区,江西省新余市渝水区河下镇,江西冶金职业技术学院
江西省,南昌市,青山湖区,江西省南昌市青山湖区,江西农业大学南昌商学院
江西省,南昌市,青山湖区,江西省南昌市青山湖区北山路99号,江西水利职业学院
江西省,景德镇市,浮梁县,江西省景德镇市浮梁县县衙路119号,景德镇陶瓷职业技术学院
江西省,南昌市,青山湖区,江西省南昌市青山湖区,江西工商职业技术学院
江西省,南昌市,南昌县,江西省南昌市南昌县蒋巷镇蒋巷西大道266号,江西传媒职业学院
江西省,南昌市,南昌县,江西省南昌市南昌县小蓝经济开发区金沙二路1888号,江西泰豪动漫职业学院
江西省,九江市,永修县,江西省九江市永修县艾城镇马湾村内,江西枫林涉外经贸职业学院
江西省,九江市,共青城市,江西省九江市共青城市甘鹿镇共青大道1号,共青科技职业学院
江西省,新余市,渝水区,江西省新余市渝水区城北街道赣西大道598号,赣西科技职业学院
江西省,南昌市,青山湖区,江西省南昌市青山湖区,江西工程职业学院
江西省,南昌市,青山湖区,江西省南昌市青山湖区,江西航空职业技术学院
江西省,南昌市,青山湖区,江西省南昌市青山湖区紫阳大道318号,江西制造职业技术学院
江西省,南昌市,青山湖区,江西省南昌市青山湖区,江西软件职业技术大学
江西省,上饶市,信州区,江西省上饶市信州区茅家岭街道志敏东大道397号,上饶幼儿师范高等专科学校
江西省,南昌市,青山湖区,江西省南昌市青山湖区,江西农业大学南昌商学院
江西省,抚州市,临川区,江西省抚州市临川区迎宾大道,抚州职业技术学院
江西省,南昌市,南昌县,江西省南昌市南昌县莲塘北大道1636号,江西生物科技职业学院
江西省,萍乡市,安源区,江西省萍乡市安源区,江西应用工程职业学院
江西省,南昌市,青山湖区,江西省南昌市青山湖区,江西工业贸易职业技术学院
江西省,南昌市,青山湖区,江西省南昌市青山湖区,江西外语外贸职业学院
江西省,南昌市,青山湖区,江西省南昌市青山湖区,南昌职业大学
江西省,南昌市,青山湖区,江西省南昌市青山湖区,江西科技职业学院
江西省,萍乡市,安源区,江西省萍乡市安源区,江西工业工程职业技术学院
江西省,赣州市,章贡区,江西省赣州市章贡区,江西应用技术职业学院
江西省,九江市,浔阳区,江西省九江市浔阳区,江西财经职业学院
江西省,南昌市,青山湖区,江西省南昌市青山湖区枫林东大街644号,江西交通职业技术学院
江西省,南昌市,青山湖区,江西省南昌市青山湖区,江西信息应用职业技术学院
江西省,南昌市,青山湖区,江西省南昌市青山湖区,江西艺术职业学院
江西省,赣州市,章贡区,江西省赣州市章贡区,江西环境工程职业学院
江西省,南昌市,青山湖区,江西省南昌市青山湖区,江西电力职业技术学院
江西省,南昌市,青山湖区,江西省南昌市青山湖区,江西机电职业技术学院
江西省,景德镇市,昌江区,江西省景德镇市昌江区新厂西路486号,江西陶瓷工艺美术职业技术学院
江西省,南昌市,青山湖区,江西省南昌市青山湖区,江西司法警官职业学院
江西省,九江市,浔阳区,江西省九江市浔阳区濂溪大道88号,九江职业大学
江西省,上饶市,信州区,江西省上饶市信州区志敏大道399号,江西医学高等专科学校
江西省,南昌市,青山湖区,江西省南昌市青山湖区,江西工业职业技术学院
江西省,南昌市,青山湖区,江西省南昌市青山湖区,江西职业技术大学
江西省,宜春市,袁州区,江西省宜春市袁州区中山西路,宜春职业技术学院
江西省,南昌市,青山湖区,江西省南昌市青山湖区,陆军步兵学院
江西省,上饶市,信州区,江西省上饶市信州区茅家岭街道志敏东大道397号,上饶幼儿师范高等专科学校
辽宁省,大连市,甘井子区,辽宁省大连市甘井子区,大连理工大学
辽宁省,大连市,甘井子区,辽宁省大连市甘井子区红旗西路600号,大连软件职业学院
辽宁省,大连市,甘井子区,辽宁省大连市甘井子区,大连汽车职业技术学院
辽宁省,大连市,甘井子区,辽宁省大连市甘井子区营城子镇,大连枫叶职业技术学院
辽宁省,大连市,金州区,辽宁省大连市金州区,大连交通大学
辽宁省,大连市,金州区,辽宁省大连市金州区站前街道金港路288号,辽宁轻工职业学院
辽宁省,大连市,金州区,辽宁省大连市金州区大魏家街道前石村,大连装备制造职业技术学院
辽宁省,大连市,金州区,辽宁省大连市金州区人文街80号,大连财经学院
辽宁省,大连市,旅顺口区,辽宁省大连市旅顺口区旅顺南路西段9号,大连医科大学
辽宁省,大连市,旅顺口区,辽宁省大连市旅顺口区旅顺南路西段6-10号,大连外国语大学
辽宁省,大连市,沙河口区,辽宁省大连市沙河口区,中国医科大学
辽宁省,大连市,沙河口区,辽宁省大连市沙河口区,东北财经大学
辽宁省,大连市,沙河口区,辽宁省大连市沙河口区,辽宁大学
辽宁省,大连市,沙河口区,辽宁省大连市沙河口区,大连大学
辽宁省,大连市,西岗区,辽宁省大连市西岗区凌海路1号,大连海事大学
辽宁省,大连市,中山区,辽宁省大连市中山区,大连工业大学
辽宁省,大连市,中山区,辽宁省大连市中山区,大连海洋大学
辽宁省,大连市,中山区,辽宁省大连市中山区,大连民族大学
辽宁省,沈阳市,和平区,辽宁省沈阳市和平区,东北大学
辽宁省,沈阳市,和平区,辽宁省沈阳市和平区,辽宁师范大学
辽宁省,沈阳市,皇姑区,辽宁省沈阳市皇姑区塔湾街83号,中国刑事警察学院
辽宁省,沈阳市,沈北新区,辽宁省沈阳市沈北新区东陵路120号,沈阳农业大学
辽宁省,沈阳市,铁西区,辽宁省沈阳市铁西区,沈阳工业大学
辽宁省,沈阳市,于洪区,辽宁省沈阳市于洪区造化乡郭大桥村,辽宁广告职业学院
辽宁省,沈阳市,浑南区,辽宁省沈阳市浑南区,沈阳航空航天大学
辽宁省,沈阳市,浑南区,辽宁省沈阳市浑南区,沈阳建筑大学
辽宁省,沈阳市,浑南区,辽宁省沈阳市浑南区,沈阳药科大学
辽宁省,沈阳市,浑南区,辽宁省沈阳市浑南区凤凰大街9号,沈阳音乐学院
辽宁省,鞍山市,铁东区,辽宁省鞍山市铁东区,辽宁科技大学
辽宁省,鞍山市,铁东区,辽宁省鞍山市铁东区平安街43号,鞍山师范学院
辽宁省,本溪市,平山区,辽宁省本溪市平山区环山路60号,辽宁冶金职业技术学院
辽宁省,丹东市,振兴区,辽宁省丹东市振兴区,辽东学院
辽宁省,丹东市,振兴区,辽宁省丹东市振兴区接梨树大街1号,辽宁地质工程职业学院
辽宁省,抚顺市,顺城区,辽宁省抚顺市顺城区,辽宁石油化工大学
辽宁省,抚顺市,顺城区,辽宁省抚顺市顺城区旺力街89号,抚顺职业技术学院
辽宁省,阜新市,海州区,辽宁省阜新市海州区,辽宁工程技术大学
辽宁省,葫芦岛市,龙港区,辽宁省葫芦岛市龙港区,渤海船舶职业学院
辽宁省,锦州市,古塔区,辽宁省锦州市古塔区,渤海大学
辽宁省,锦州市,太和区,辽宁省锦州市太和区松坡路40号,锦州医科大学
辽宁省,盘锦市,兴隆台区,辽宁省盘锦市兴隆台区,盘锦职业技术学院
辽宁省,营口市,站前区,辽宁省营口市站前区博文路46号,营口理工学院
辽宁省,沈阳市,浑南区,辽宁省沈阳市浑南区,沈阳师范大学
辽宁省,沈阳市,浑南区,辽宁省沈阳市浑南区,沈阳化工大学
辽宁省,沈阳市,浑南区,辽宁省沈阳市浑南区,沈阳理工大学
辽宁省,沈阳市,浑南区,辽宁省沈阳市浑南区,沈阳医学院
辽宁省,沈阳市,浑南区,辽宁省沈阳市浑南区,沈阳大学
辽宁省,沈阳市,浑南区,辽宁省沈阳市浑南区,沈阳科技学院
辽宁省,沈阳市,浑南区,辽宁省沈阳市浑南区,沈阳城市建设学院
辽宁省,沈阳市,浑南区,辽宁省沈阳市浑南区,沈阳城市学院
辽宁省,沈阳市,浑南区,辽宁省沈阳市浑南区,沈阳工学院
辽宁省,沈阳市,浑南区,辽宁省沈阳市浑南区,辽宁装备制造职业技术学院
辽宁省,沈阳市,浑南区,辽宁省沈阳市浑南区,辽宁工程职业学院
辽宁省,沈阳市,浑南区,辽宁省沈阳市浑南区,辽宁职业学院
辽宁省,沈阳市,浑南区,辽宁省沈阳市浑南区,沈阳职业技术学院
辽宁省,辽阳市,白塔区,辽宁省辽阳市白塔区,辽宁建筑职业学院
辽宁省,辽阳市,白塔区,辽宁省辽阳市白塔区,辽宁铁道职业技术学院
辽宁省,辽阳市,白塔区,辽宁省辽阳市白塔区铁西路150号,辽阳职业技术学院
辽宁省,铁岭市,银州区,辽宁省铁岭市银州区,铁岭卫生职业学院
辽宁省,铁岭市,银州区,辽宁省铁岭市银州区,铁岭师范高等专科学校
辽宁省,朝阳市,双塔区,辽宁省朝阳市双塔区,朝阳师范学院
辽宁省,阜新市,细河区,辽宁省阜新市细河区育红路36号,阜新高等专科学校
辽宁省,锦州市,太和区,辽宁省锦州市太和区,锦州师范高等专科学校
辽宁省,锦州市,滨海新区,辽宁省锦州市滨海新区昆山路9号,辽宁理工职业大学
辽宁省,营口市,站前区,辽宁省营口市站前区,营口职业技术学院
辽宁省,大连市,甘井子区,辽宁省大连市甘井子区,海军大连舰艇学院
辽宁省,沈阳市,皇姑区,辽宁省沈阳市皇姑区,解放军沈阳炮兵学院
内蒙古自治区,呼和浩特市,新城区,内蒙古自治区呼和浩特市新城区,内蒙古大学
内蒙古自治区,呼和浩特市,新城区,内蒙古自治区呼和浩特市新城区,内蒙古农业大学
内蒙古自治区,呼和浩特市,新城区,内蒙古自治区呼和浩特市新城区,内蒙古师范大学
内蒙古自治区,呼和浩特市,新城区,内蒙古自治区呼和浩特市新城区,内蒙古医科大学
内蒙古自治区,呼和浩特市,新城区,内蒙古自治区呼和浩特市新城区,内蒙古工业大学
内蒙古自治区,呼和浩特市,新城区,内蒙古自治区呼和浩特市新城区,内蒙古财经大学
内蒙古自治区,呼和浩特市,新城区,内蒙古自治区呼和浩特市新城区,内蒙古大学创业学院
内蒙古自治区,呼和浩特市,新城区,内蒙古自治区呼和浩特市新城区,内蒙古艺术学院
内蒙古自治区,呼和浩特市,新城区,内蒙古自治区呼和浩特市新城区成吉思汗大街呼哈公路6.5公里处,内蒙古经贸外语职业学院
内蒙古自治区,呼和浩特市,新城区,内蒙古自治区呼和浩特市新城区,内蒙古美术职业学院
内蒙古自治区,呼和浩特市,新城区,内蒙古自治区呼和浩特市新城区,内蒙古北方职业技术学院
内蒙古自治区,呼和浩特市,新城区,内蒙古自治区呼和浩特市新城区,内蒙古化工职业学院
内蒙古自治区,呼和浩特市,新城区,内蒙古自治区呼和浩特市新城区,内蒙古机电职业技术学院
内蒙古自治区,呼和浩特市,新城区,内蒙古自治区呼和浩特市新城区,内蒙古商贸职业学院
内蒙古自治区,呼和浩特市,回民区,内蒙古自治区呼和浩特市回民区光明路街道西村前街1号,内蒙古建筑职业技术学院
内蒙古自治区,呼和浩特市,回民区,内蒙古自治区呼和浩特市回民区内蒙古民族学院校内,呼和浩特民族学院
内蒙古自治区,呼和浩特市,赛罕区,内蒙古自治区呼和浩特市赛罕区大学西路,内蒙古丰州职业学院
内蒙古自治区,呼和浩特市,赛罕区,内蒙古自治区呼和浩特市赛罕区学府路,内蒙古电子信息职业技术学院
内蒙古自治区,呼和浩特市,赛罕区,内蒙古自治区呼和浩特市赛罕区通道北路,呼和浩特职业学院
内蒙古自治区,包头市,昆都仑区,内蒙古自治区包头市昆都仑区,内蒙古科技大学
内蒙古自治区,包头市,昆都仑区,内蒙古自治区包头市昆都仑区,内蒙古科技大学(包头师范学院)
内蒙古自治区,包头市,昆都仑区,内蒙古自治区包头市昆都仑区,内蒙古科技大学(包头医学院)
内蒙古自治区,包头市,昆都仑区,内蒙古自治区包头市昆都仑区阿尔丁大街76号,包头钢铁职业技术学院
内蒙古自治区,包头市,青山区,内蒙古自治区包头市青山区建华路19号,包头轻工职业技术学院
内蒙古自治区,包头市,青山区,内蒙古自治区包头市青山区,包头职业技术学院
内蒙古自治区,包头市,九原区,内蒙古自治区包头市九原区职教园区平安大道7号,包头铁道职业技术学院
内蒙古自治区,包头市,九原区,内蒙古自治区包头市九原区,内蒙古能源职业学院
内蒙古自治区,通辽市,科尔沁区,内蒙古自治区通辽市科尔沁区,内蒙古民族大学
内蒙古自治区,赤峰市,红山区,内蒙古自治区赤峰市红山区迎宾路1号,赤峰学院
内蒙古自治区,赤峰市,松山区,内蒙古自治区赤峰市松山区巴林北街22号,赤峰工业职业技术学院
内蒙古自治区,赤峰市,松山区,内蒙古自治区赤峰市松山区,内蒙古交通职业技术学院
内蒙古自治区,鄂尔多斯市,东胜区,内蒙古自治区鄂尔多斯市东胜区罕台镇科技教育创业园区,鄂尔多斯应用技术学院
内蒙古自治区,鄂尔多斯市,东胜区,内蒙古自治区鄂尔多斯市东胜区罕台镇厚德路18号,内蒙古民族幼儿师范高等专科学校
内蒙古自治区,鄂尔多斯市,康巴什区,内蒙古自治区鄂尔多斯市康巴什区,鄂尔多斯职业学院
内蒙古自治区,呼伦贝尔市,海拉尔区,内蒙古自治区呼伦贝尔市海拉尔区学府路,呼伦贝尔学院
内蒙古自治区,巴彦淖尔市,临河区,内蒙古自治区巴彦淖尔市临河区双河镇云中大街,河套学院
内蒙古自治区,巴彦淖尔市,临河区,内蒙古自治区巴彦淖尔市临河区,内蒙古鸿德文理学院
内蒙古自治区,乌兰察布市,集宁区,内蒙古自治区乌兰察布市集宁区工农大街,集宁师范学院
内蒙古自治区,乌兰察布市,集宁区,内蒙古自治区乌兰察布市集宁区,乌兰察布医学高等专科学校
内蒙古自治区,乌兰察布市,察哈尔右翼前旗,内蒙古自治区乌兰察布市察哈尔右翼前旗黄旗海镇满达东街,乌兰察布职业学院
内蒙古自治区,乌海市,海勃湾区,内蒙古自治区乌海市海勃湾区滨河街道滨河大道1号,乌海职业技术学院
内蒙古自治区,锡林郭勒盟,锡林浩特市,内蒙古自治区锡林郭勒盟锡林浩特市明安图街11号,锡林郭勒职业学院
内蒙古自治区,阿拉善盟,阿拉善左旗,内蒙古自治区阿拉善盟阿拉善左旗乌斯太镇,阿拉善职业技术学院
宁夏回族自治区,银川市,西夏区,宁夏回族自治区银川市西夏区贺兰山西路,宁夏大学
宁夏回族自治区,银川市,西夏区,宁夏回族自治区银川市西夏区贺兰山西路,宁夏医科大学
宁夏回族自治区,银川市,西夏区,宁夏回族自治区银川市西夏区朔方路,北方民族大学
宁夏回族自治区,银川市,西夏区,宁夏回族自治区银川市西夏区金波北街培华路1号,银川科技学院
宁夏回族自治区,银川市,西夏区,宁夏回族自治区银川市西夏区贺兰山西路686号,宁夏大学新华学院
宁夏回族自治区,银川市,西夏区,宁夏回族自治区银川市西夏区贺兰山西路街道学院东路355号,宁夏建设职业技术学院
宁夏回族自治区,银川市,西夏区,宁夏回族自治区银川市西夏区贺兰山西路街道学院西路31号,宁夏财经职业技术学院
宁夏回族自治区,银川市,西夏区,宁夏回族自治区银川市西夏区朔方路,宁夏工业职业学院
宁夏回族自治区,银川市,西夏区,宁夏回族自治区银川市西夏区,宁夏职业技术学院
宁夏回族自治区,银川市,永宁县,宁夏回族自治区银川市永宁县杨和镇,银川能源学院
宁夏回族自治区,银川市,永宁县,宁夏回族自治区银川市永宁县胜利乡,宁夏葡萄酒与防沙治沙职业技术学院
宁夏回族自治区,固原市,原州区,宁夏回族自治区固原市原州区,宁夏师范大学
宁夏回族自治区,石嘴山市,大武口区,宁夏回族自治区石嘴山市大武口区星海镇,宁夏理工学院
青海省,西宁市,城东区,青海省西宁市城东区,青海大学
青海省,西宁市,城东区,青海省西宁市城东区,青海师范大学
青海省,西宁市,城东区,青海省西宁市城东区,青海民族大学
青海省,西宁市,城东区,青海省西宁市城东区南川西路96号,青海建筑职业技术学院
青海省,西宁市,城东区,青海省西宁市城东区经二路66号,青海交通职业技术学院
青海省,西宁市,城西区,青海省西宁市城西区,青海大学昆仑学院
青海省,西宁市,城西区,青海省西宁市城西区西大街62号,青海畜牧兽医职业技术学院
青海省,西宁市,城北区,青海省西宁市城北区宁张路295号,西宁城市职业技术学院
青海省,海东市,乐都区,青海省海东市乐都区碾伯镇文教路109国道北侧,青海高等职业技术学院
山东省,济南市,历下区,山东省济南市历下区,山东大学
山东省,济南市,历下区,山东省济南市历下区,山东师范大学
山东省,济南市,历下区,山东省济南市历下区,齐鲁工业大学
山东省,济南市,历下区,山东省济南市历下区南辛庄西路336号,济南大学
山东省,济南市,历下区,山东省济南市历下区,山东财经大学
山东省,济南市,历下区,山东省济南市历下区,山东中医药大学
山东省,济南市,历下区,山东省济南市历下区,山东建筑大学
山东省,济南市,历下区,山东省济南市历下区,山东交通学院
山东省,济南市,历下区,山东省济南市历下区,齐鲁师范学院
山东省,济南市,历下区,山东省济南市历下区经十东路31699号,山东青年政治学院
山东省,济南市,历下区,山东省济南市历下区,山东管理学院
山东省,济南市,历下区,山东省济南市历下区,山东女子学院
山东省,济南市,历下区,山东省济南市历下区,山东农业工程学院
山东省,济南市,历下区,山东省济南市历下区,山东体育学院
山东省,济南市,历下区,山东省济南市历下区,山东政法学院
山东省,济南市,历下区,山东省济南市历下区,山东协和学院
山东省,济南市,历下区,山东省济南市历下区,齐鲁理工学院
山东省,济南市,历下区,山东省济南市历下区,山东工艺美术学院
山东省,济南市,历下区,山东省济南市历下区,山东艺术学院
山东省,济南市,历下区,山东省济南市历下区,山东外事职业大学
山东省,济南市,历下区,山东省济南市历下区,山东旅游职业学院
山东省,济南市,历下区,山东省济南市历下区,山东电子职业技术学院
山东省,济南市,历下区,山东省济南市历下区,山东医学高等专科学校
山东省,济南市,历下区,山东省济南市历下区,山东工程职业技术大学
山东省,济南市,历下区,山东省济南市历下区,山东服装职业学院
山东省,济南市,历下区,山东省济南市历下区,山东科技职业学院
山东省,济南市,历下区,山东省济南市历下区,山东职业学院
山东省,济南市,历城区,山东省济南市历城区彩石街道,山东商业职业技术学院
山东省,济南市,历城区,山东省济南市历城区彩石街道旅游路4657号,山东城市建设职业学院
山东省,济南市,历城区,山东省济南市历城区旅游路3636号,济南护理职业学院
山东省,济南市,历城区,山东省济南市历城区,山东传媒职业学院
山东省,济南市,长清区,山东省济南市长清区平安街道明发路1666号,山东圣翰财贸职业学院
山东省,济南市,长清区,山东省济南市长清区,济南工程职业技术学院
山东省,济南市,市中区,山东省济南市市中区舜耕路12号,济南职业学院
山东省,青岛市,崂山区,山东省青岛市崂山区,中国海洋大学
山东省,青岛市,崂山区,山东省青岛市崂山区,中国石油大学(华东)
山东省,青岛市,崂山区,山东省青岛市崂山区,青岛大学
山东省,青岛市,崂山区,山东省青岛市崂山区,山东科技大学
山东省,青岛市,崂山区,山东省青岛市崂山区松岭路99号,青岛科技大学
山东省,青岛市,崂山区,山东省青岛市崂山区抚顺路16号,青岛理工大学
山东省,青岛市,崂山区,山东省青岛市崂山区长城路700号,青岛农业大学
山东省,青岛市,崂山区,山东省青岛市崂山区,山东现代学院
山东省,青岛市,崂山区,山东省青岛市崂山区九水东路588号,青岛恒星科技学院
山东省,青岛市,崂山区,山东省青岛市崂山区九水东路599号,青岛酒店管理职业技术学院
山东省,青岛市,黄岛区,山东省青岛市黄岛区薛家岛街道,青岛电影学院
山东省,青岛市,城阳区,山东省青岛市城阳区惜福镇街道铁骑山路79号,青岛城市学院
山东省,青岛市,城阳区,山东省青岛市城阳区流亭街道丰海路51号,青岛求实职业技术学院
山东省,青岛市,市南区,山东省青岛市市南区江西路84号,青岛远洋船员职业学院
山东省,青岛市,市北区,山东省青岛市市北区福州南路246号,青岛工学院
山东省,青岛市,李沧区,山东省青岛市李沧区,山东外贸职业学院
山东省,青岛市,黄岛区,山东省青岛市黄岛区,青岛滨海学院
山东省,青岛市,黄岛区,山东省青岛市黄岛区海科二路316号,青岛港湾职业技术学院
山东省,青岛市,市北区,山东省青岛市市北区香江路128号,青岛职业技术学院
山东省,威海市,环翠区,山东省威海市环翠区,哈尔滨工业大学(威海)
山东省,威海市,环翠区,山东省威海市环翠区,山东大学威海分校
山东省,威海市,环翠区,山东省威海市环翠区,北京交通大学(威海校区)
山东省,威海市,环翠区,山东省威海市环翠区科技新城,威海职业学院
山东省,威海市,环翠区,山东省威海市环翠区海湾南路1000号,威海海洋职业学院
山东省,威海市,环翠区,山东省威海市环翠区,山东药品食品职业学院
山东省,烟台市,莱山区,山东省烟台市莱山区,烟台大学
山东省,烟台市,莱山区,山东省烟台市莱山区,山东工商学院
山东省,烟台市,莱山区,山东省烟台市莱山区滨海路街道港城东大街100号,烟台理工学院
山东省,烟台市,莱山区,山东省烟台市莱山区大学路1号,烟台南山学院
山东省,烟台市,蓬莱区,山东省烟台市蓬莱区蓬莱阁街道海滨西路1001号,烟台科技学院
山东省,烟台市,招远市,山东省烟台市招远市辛庄镇金海大道996号,烟台黄金职业学院
山东省,烟台市,福山区,山东省烟台市福山区珠江路92号,烟台工程职业技术学院
山东省,烟台市,莱山区,山东省烟台市莱山区聚贤路1号,烟台汽车工程职业学院
山东省,烟台市,莱山区,山东省烟台市莱山区滨海中路2018号,烟台职业学院
山东省,烟台市,莱山区,山东省烟台市莱山区,山东中医药高等专科学校
山东省,淄博市,张店区,山东省淄博市张店区,齐鲁医药学院
山东省,淄博市,张店区,山东省淄博市张店区,山东轻工职业学院
山东省,淄博市,张店区,山东省淄博市张店区,山东铝业职业学院
山东省,淄博市,张店区,山东省淄博市张店区,山东化工职业学院
山东省,淄博市,张店区,山东省淄博市张店区,山东工业职业学院
山东省,淄博市,周村区,山东省淄博市周村区北郊镇,淄博职业学院
山东省,淄博市,淄川区,山东省淄博市淄川区开发区唐骏欧铃路99号,淄博师范高等专科学校
山东省,泰安市,泰山区,山东省泰安市泰山区,山东第一医科大学
山东省,泰安市,泰山区,山东省泰安市泰山区,山东第二医科大学
山东省,泰安市,泰山区,山东省泰安市泰山区,泰山学院
山东省,泰安市,泰山区,山东省泰安市泰山区,泰山职业技术学院
山东省,泰安市,泰山区,山东省泰安市泰山区泰前街道迎胜东路8号,泰山护理职业学院
山东省,泰安市,泰山区,山东省泰安市泰山区,山东力明科技职业学院
山东省,潍坊市,奎文区,山东省潍坊市奎文区东风东街5147号,潍坊学院
山东省,潍坊市,奎文区,山东省潍坊市奎文区云门山南路9888号,潍坊理工学院
山东省,潍坊市,奎文区,山东省潍坊市奎文区金光街1299号,潍坊科技学院
山东省,潍坊市,奎文区,山东省潍坊市奎文区新城街道胜利东街88号,山东畜牧兽医职业学院
山东省,潍坊市,奎文区,山东省潍坊市奎文区东风东街8029号,潍坊职业学院
山东省,潍坊市,奎文区,山东省潍坊市奎文区,山东经贸职业学院
山东省,潍坊市,奎文区,山东省潍坊市奎文区,山东交通职业学院
山东省,潍坊市,奎文区,山东省潍坊市奎文区云门山南路8979号,潍坊工程职业学院
山东省,潍坊市,奎文区,山东省潍坊市奎文区云门山南路4318号,潍坊护理职业学院
山东省,潍坊市,奎文区,山东省潍坊市奎文区,山东海事职业学院
山东省,潍坊市,奎文区,山东省潍坊市奎文区凤凰路5600号,潍坊工商职业学院
山东省,枣庄市,市中区,山东省枣庄市市中区九龙南路,枣庄学院
山东省,枣庄市,薛城区,山东省枣庄市薛城区兴仁街道,枣庄职业学院
山东省,枣庄市,薛城区,山东省枣庄市薛城区学院东路888号,枣庄科技职业学院
山东省,济宁市,任城区,山东省济宁市任城区荷花路133号,济宁医学院
山东省,济宁市,任城区,山东省济宁市任城区杏坛路1号,济宁学院
山东省,济宁市,任城区,山东省济宁市任城区金宇路77号,济宁职业技术学院
山东省,济宁市,任城区,山东省济宁市任城区,山东理工职业学院
山东省,济宁市,曲阜市,山东省济宁市曲阜市石门山镇,曲阜远东职业技术学院
山东省,德州市,德城区,山东省德州市德城区大学西路566号,德州学院
山东省,德州市,德城区,山东省德州市德城区大学东路689号,德州职业技术学院
山东省,德州市,德城区,山东省德州市德城区禹王街566号,德州科技职业学院
山东省,滨州市,滨城区,山东省滨州市滨城区黄河三路522号,滨州医学院
山东省,滨州市,滨城区,山东省滨州市滨城区彭李街道黄河五路391号,山东航空学院
山东省,滨州市,滨城区,山东省滨州市滨城区黄河十四路与滨职路交汇处,滨州职业学院
山东省,东营市,东营区,山东省东营市东营区,山东石油化工学院
山东省,东营市,东营区,山东省东营市东营区府前大街129号,东营职业学院
山东省,东营市,广饶县,山东省东营市广饶县大王镇泰山路7号,东营科技职业学院
山东省,日照市,东港区,山东省日照市东港区,山东外国语职业学院
山东省,日照市,东港区,山东省日照市东港区秦楼街道学苑路677号,山东水利职业学院
山东省,日照市,东港区,山东省日照市东港区,日照职业技术学院
山东省,菏泽市,牡丹区,山东省菏泽市牡丹区大学路,菏泽学院
山东省,菏泽市,牡丹区,山东省菏泽市牡丹区大学路,菏泽医学专科学校
山东省,菏泽市,牡丹区,山东省菏泽市牡丹区长城路999号,菏泽职业学院
山东省,菏泽市,牡丹区,山东省菏泽市牡丹区南环路与君子南路交口南,菏泽家政职业学院
山东省,聊城市,东昌府区,山东省聊城市东昌府区文化路34号,聊城大学
山东省,聊城市,东昌府区,山东省聊城市东昌府区黄河路105号,聊城大学东昌学院
山东省,聊城市,东昌府区,山东省聊城市东昌府区花园北路133号,聊城职业技术学院
山东省,济南市,莱芜区,山东省济南市莱芜区山财大街1号,莱芜职业技术学院
山东省,烟台市,莱山区,山东省烟台市莱山区,海军航空大学
山东省,青岛市,崂山区,山东省青岛市崂山区,海军潜艇学院
山西省,太原市,小店区,山西省太原市小店区坞城路92号,山西大学
山西省,太原市,万柏林区,山西省太原市万柏林区迎泽西大街79号,太原理工大学
山西省,太原市,杏花岭区,山西省太原市杏花岭区新建路56号,山西医科大学
山西省,太原市,尖草坪区,山西省太原市尖草坪区学院路3号,中北大学
山西省,太原市,迎泽区,山西省太原市迎泽区坞城路696号,山西财经大学
山西省,太原市,万柏林区,山西省太原市万柏林区窊流路66号,太原科技大学
山西省,太原市,小店区,山西省太原市小店区黄陵路19号,太原师范学院
山西省,太原市,万柏林区,山西省太原市万柏林区西区,太原工业学院
山西省,太原市,小店区,山西省太原市小店区大昌南路18号,太原学院
山西省,太原市,尖草坪区,山西省太原市尖草坪区新兰路31号,山西工程技术学院
山西省,太原市,万柏林区,山西省太原市万柏林区徐沟镇政府西700米,山西警察学院
山西省,太原市,小店区,山西省太原市小店区,山西应用科技学院
山西省,太原市,万柏林区,山西省太原市万柏林区,山西工商学院
山西省,太原市,迎泽区,山西省太原市迎泽区坞城南路79号,山西财经大学华商学院
山西省,太原市,晋源区,山西省太原市晋源区,山西医科大学晋祠学院
山西省,太原市,小店区,山西省太原市小店区大昌南路17号,山西青年职业学院
山西省,太原市,万柏林区,山西省太原市万柏林区,山西铁道职业技术学院
山西省,太原市,迎泽区,山西省太原市迎泽区南内环西街1号,山西经贸职业学院
山西省,太原市,万柏林区,山西省太原市万柏林区晋祠路三段160号,山西电力职业技术学院
山西省,太原市,小店区,山西省太原市小店区许坦东街29号,山西旅游职业学院
山西省,太原市,迎泽区,山西省太原市迎泽区大昌南路19号,太原旅游职业学院
山西省,太原市,万柏林区,山西省太原市万柏林区龙堡街14号,山西国际商务职业学院
山西省,太原市,杏花岭区,山西省太原市杏花岭区万山沟3号,山西警官职业学院
山西省,太原市,小店区,山西省太原市小店区,山西体育职业学院
山西省,太原市,迎泽区,山西省太原市迎泽区,山西信息职业技术学院
山西省,太原市,万柏林区,山西省太原市万柏林区九丰路,太原城市职业技术学院
山西省,太原市,小店区,山西省太原市小店区迎新南巷10号,山西金融职业学院
山西省,太原市,清徐县,山西省太原市清徐县,太原幼儿师范高等专科学校
山西省,晋中市,榆次区,山西省晋中市榆次区,山西农业大学
山西省,晋中市,榆次区,山西省晋中市榆次区,山西中医药大学
山西省,晋中市,榆次区,山西省晋中市榆次区正太北街,晋中学院
山西省,晋中市,榆次区,山西省晋中市榆次区,山西能源学院
山西省,晋中市,榆次区,山西省晋中市榆次区文华街369号,山西工程科技职业大学
山西省,晋中市,榆次区,山西省晋中市榆次区,山西传媒学院
山西省,晋中市,榆次区,山西省晋中市榆次区学院路8号,晋中信息学院
山西省,晋中市,榆次区,山西省晋中市榆次区工业园区8号路15号,山西晋中理工学院
山西省,晋中市,榆次区,山西省晋中市榆次区广安街99号,晋中师范高等专科学校
山西省,晋中市,榆次区,山西省晋中市榆次区蕴华西街229号,晋中职业技术学院
山西省,太原市,迎泽区,山西省太原市迎泽区坞城路696号,山西师范大学
山西省,临汾市,尧都区,山西省临汾市尧都区临浮路埝下村,临汾职业技术学院
山西省,大同市,平城区,山西省大同市平城区,山西大同大学
山西省,大同市,平城区,山西省大同市平城区同泉路1081号,大同师范高等专科学校
山西省,大同市,平城区,山西省大同市平城区安居街106号,大同煤炭职业技术学院
山西省,长治市,潞州区,山西省长治市潞州区城北东街73号,长治学院
山西省,长治市,潞州区,山西省长治市潞州区延安南路110号,长治医学院
山西省,长治市,潞州区,山西省长治市潞州区延安中路505号,长治职业技术学院
山西省,长治市,潞州区,山西省长治市潞州区,山西机电职业技术学院
山西省,运城市,盐湖区,山西省运城市盐湖区复旦西街1155号,运城学院
山西省,运城市,盐湖区,山西省运城市盐湖区文化产业园学院西路2号,运城师范高等专科学校
山西省,运城市,盐湖区,山西省运城市盐湖区空港南区,运城幼儿师范高等专科学校
山西省,运城市,盐湖区,山西省运城市盐湖区北相镇复旦西街2155号,运城护理职业学院
山西省,运城市,盐湖区,山西省运城市盐湖区学院北路2555号,运城职业技术大学
山西省,阳泉市,郊区,山西省阳泉市郊区上城街59号,阳泉师范高等专科学校
山西省,阳泉市,郊区,山西省阳泉市郊区,阳泉职业技术学院
山西省,朔州市,朔城区,山西省朔州市朔城区开发区燕家河路6号,山西工学院
山西省,朔州市,朔城区,山西省朔州市朔城区长宁街85号,朔州师范高等专科学校
山西省,朔州市,朔城区,山西省朔州市朔城区,朔州职业技术学院
山西省,忻州市,忻府区,山西省忻州市忻府区和平西街10号,忻州师范学院
山西省,忻州市,忻府区,山西省忻州市忻府区开发区学院路1号,忻州职业技术学院
山西省,吕梁市,离石区,山西省吕梁市离石区学院路1号,吕梁学院
山西省,吕梁市,离石区,山西省吕梁市离石区胜溪湖畔,吕梁职业技术学院
山西省,晋城市,城区,山西省晋城市城区北石店镇泽州路18号,山西科技学院
山西省,晋城市,城区,山西省晋城市城区,晋城职业技术学院
陕西省,西安市,雁塔区,陕西省西安市雁塔区雁塔路199号,西安交通大学
陕西省,西安市,碑林区,陕西省西安市碑林区友谊西路127号,西北工业大学
陕西省,西安市,雁塔区,陕西省西安市雁塔区太白南路2号,西安电子科技大学
陕西省,西安市,碑林区,陕西省西安市碑林区太白北路229号,西北大学
陕西省,西安市,长安区,陕西省西安市长安区西长安街620号,陕西师范大学
陕西省,西安市,碑林区,陕西省西安市碑林区南二环路中段,长安大学
陕西省,西安市,碑林区,陕西省西安市碑林区金花南路5号,西安理工大学
陕西省,西安市,碑林区,陕西省西安市碑林区雁塔路13号,西安建筑科技大学
陕西省,西安市,未央区,陕西省西安市未央区大学园路2号,陕西科技大学
陕西省,西安市,临潼区,陕西省西安市临潼区陕鼓大道48号,西安科技大学
陕西省,西安市,雁塔区,陕西省西安市雁塔区长安南路563号,西安邮电大学
陕西省,西安市,雁塔区,陕西省西安市雁塔区长安南路300号,西北政法大学
陕西省,西安市,雁塔区,陕西省西安市雁塔区电子二路18号,西安石油大学
陕西省,西安市,未央区,陕西省西安市未央区金花北路95号,西安工业大学
陕西省,西安市,临潼区,陕西省西安市临潼区陕鼓大道58号,西安工程大学
陕西省,西安市,雁塔区,陕西省西安市雁塔区长安南路437号,西安外国语大学
陕西省,西安市,长安区,陕西省西安市长安区常宁大道南段2号,西安财经大学
陕西省,西安市,莲湖区,陕西省西安市莲湖区西二环259号,西安航空学院
陕西省,西安市,长安区,陕西省西安市长安区郭杜教育科技产业开发区文苑南路,陕西学前师范学院
陕西省,西安市,莲湖区,陕西省西安市莲湖区土门十字西南角,西安医学院
陕西省,西安市,碑林区,陕西省西安市碑林区含光北路399号,西安体育学院
陕西省,西安市,新城区,陕西省西安市新城区长乐西路145号,空军军医大学
陕西省,西安市,雁塔区,陕西省西安市雁塔区狄寨路57号,西安财经大学行知学院
陕西省,西安市,长安区,陕西省西安市长安区韦曲南路,西安科技大学高新学院
陕西省,西安市,长安区,陕西省西安市长安区韦曲街道皂河路2号,延安大学西安创新学院
陕西省,西安市,雁塔区,陕西省西安市雁塔区鱼化寨街道富裕路81号,长安大学兴华学院
陕西省,西安市,长安区,陕西省西安市长安区黄良街道子午大道35号,西安理工大学高科学院
陕西省,西安市,长安区,陕西省西安市长安区滦镇街道科教园陈北路1号,西北大学现代学院
陕西省,西安市,雁塔区,陕西省西安市雁塔区丈八北路408号,西安外事学院
陕西省,西安市,鄠邑区,陕西省西安市鄠邑区渼陂西路1号,西安交通工程学院
陕西省,西安市,长安区,陕西省西安市长安区太乙路123号,西安翻译学院
陕西省,西安市,未央区,陕西省西安市未央区未央路2号,西京学院
陕西省,西安市,长安区,陕西省西安市长安区韦曲街道常宁路888号,西安培华学院
陕西省,西安市,高陵区,陕西省西安市高陵区鹿祥路235号,西安工商学院
陕西省,西安市,雁塔区,陕西省西安市雁塔区含光路南段100号,西安美术学院
陕西省,西安市,碑林区,陕西省西安市碑林区长安中路108号,西安音乐学院
陕西省,西安市,灞桥区,陕西省西安市灞桥区狄寨街道,陕西青年职业学院
陕西省,西安市,灞桥区,陕西省西安市灞桥区新筑街道,西安铁路职业技术学院
陕西省,西安市,灞桥区,陕西省西安市灞桥区狄寨街道水安路168号,西安汽车职业大学
陕西省,西安市,灞桥区,陕西省西安市灞桥区狄寨街道水安路3030号,西安海棠职业学院
陕西省,西安市,阎良区,陕西省西安市阎良区迎宾大道500号,西安航空职业技术学院
陕西省,西安市,鄠邑区,陕西省西安市鄠邑区甘亭街道人民路8号,陕西国防工业职业技术学院
陕西省,西安市,长安区,陕西省西安市长安区秦龙温泉旁,西安城市建设职业学院
陕西省,咸阳市,杨陵区,陕西省咸阳市杨陵区西农路22号,西北农林科技大学
陕西省,咸阳市,渭城区,陕西省咸阳市渭城区文汇东路6号,西藏民族大学
陕西省,咸阳市,渭城区,陕西省咸阳市渭城区文林路中段38号,咸阳师范学院
陕西省,咸阳市,秦都区,陕西省咸阳市秦都区,陕西中医药大学
陕西省,咸阳市,秦都区,陕西省咸阳市秦都区沣西新城统一西路35号,陕西国际商贸学院
陕西省,咸阳市,秦都区,陕西省咸阳市秦都区,陕西服装工程学院
陕西省,咸阳市,秦都区,陕西省咸阳市秦都区,陕西科技大学镐京学院
陕西省,咸阳市,秦都区,陕西省咸阳市秦都区,陕西旅游烹饪职业学院
陕西省,咸阳市,秦都区,陕西省咸阳市秦都区,咸阳职业技术学院
陕西省,咸阳市,渭城区,陕西省咸阳市渭城区文林路中段,陕西邮电职业技术学院
陕西省,咸阳市,秦都区,陕西省咸阳市秦都区吴家堡街道文林路1号,陕西财经职业技术学院
陕西省,咸阳市,泾阳县,陕西省咸阳市泾阳县先锋大街东七路16号,西安高新科技职业学院
陕西省,咸阳市,秦都区,陕西省咸阳市秦都区,陕西能源职业技术学院
陕西省,咸阳市,秦都区,陕西省咸阳市秦都区,陕西工业职业技术学院
陕西省,宝鸡市,渭滨区,陕西省宝鸡市渭滨区宝光路44号,宝鸡文理学院
陕西省,宝鸡市,渭滨区,陕西省宝鸡市渭滨区高新大道239号,宝鸡职业技术学院
陕西省,宝鸡市,渭滨区,陕西省宝鸡市渭滨区,陕西机电职业技术学院
陕西省,延安市,宝塔区,陕西省延安市宝塔区延大路566号,延安大学
陕西省,延安市,宝塔区,陕西省延安市宝塔区,延安职业技术学院
陕西省,渭南市,临渭区,陕西省渭南市临渭区朝阳大街,渭南师范学院
陕西省,渭南市,临渭区,陕西省渭南市临渭区,渭南职业技术学院
陕西省,渭南市,临渭区,陕西省渭南市临渭区乐天大街,陕西铁路工程职业技术学院
陕西省,商洛市,商州区,陕西省商洛市商州区,商洛学院
陕西省,商洛市,商州区,陕西省商洛市商州区,商洛职业技术学院
陕西省,安康市,汉滨区,陕西省安康市汉滨区育才路92号,安康学院
陕西省,安康市,汉滨区,陕西省安康市汉滨区,安康职业技术学院
陕西省,铜川市,耀州区,陕西省铜川市耀州区朝阳路8号,铜川职业技术学院
陕西省,榆林市,榆阳区,陕西省榆林市榆阳区,榆林学院
陕西省,榆林市,榆阳区,陕西省榆林市榆阳区芹河镇,榆林职业技术学院
陕西省,西安市,新城区,陕西省西安市新城区长乐西路145号,空军军医大学
陕西省,西安市,未央区,陕西省西安市未央区,陆军边海防学院
陕西省,咸阳市,秦都区,陕西省咸阳市秦都区,武警工程大学
陕西省,西安市,长安区,陕西省西安市长安区西沣路386号,火箭军工程大学
上海市,上海市,杨浦区,上海市杨浦区邯郸路220号,复旦大学
上海市,上海市,杨浦区,上海市杨浦区四平路1239号,同济大学
上海市,上海市,杨浦区,上海市杨浦区军工路516号,上海理工大学
上海市,上海市,杨浦区,上海市杨浦区嫩江路1183号,上海体育大学
上海市,上海市,杨浦区,上海市杨浦区长海路168号,海军军医大学
上海市,上海市,杨浦区,上海市杨浦区水丰路100号,上海出版印刷高等专科学校
上海市,上海市,徐汇区,上海市徐汇区华山路1954号,上海交通大学
上海市,上海市,徐汇区,上海市徐汇区梅陇路130号,华东理工大学
上海市,上海市,徐汇区,上海市徐汇区东安路50弄10号,复旦大学医学院
上海市,上海市,徐汇区,上海市徐汇区华山路630号,上海戏剧学院
上海市,上海市,徐汇区,上海市徐汇区汾阳路20号,上海音乐学院
上海市,上海市,浦东新区,上海市浦东新区华夏中路393号,上海科技大学
上海市,上海市,浦东新区,上海市浦东新区蔡伦路1200号,上海中医药大学
上海市,上海市,浦东新区,上海市浦东新区沪城环路999号,上海海洋大学
上海市,上海市,浦东新区,上海市浦东新区海港大道1550号,上海海事大学
上海市,上海市,浦东新区,上海市浦东新区华夏西路5677号,上海海关学院
上海市,上海市,浦东新区,上海市浦东新区金海路2727号,上海杉达学院
上海市,上海市,浦东新区,上海市浦东新区达尔文路188号,上海电影艺术职业学院
上海市,上海市,浦东新区,上海市浦东新区城南路1408号,上海思博职业技术学院
上海市,上海市,闵行区,上海市闵行区东川路500号,华东师范大学
上海市,上海市,松江区,上海市松江区龙源路555号,华东政法大学
上海市,上海市,松江区,上海市松江区龙腾路333号,上海工程技术大学
上海市,上海市,宝山区,上海市宝山区上大路99号,上海大学
上海市,上海市,宝山区,上海市宝山区呼兰路883号,上海交通职业技术学院
上海市,上海市,金山区,上海市金山区漕廊公路3888号,上海中侨职业技术大学
上海市,上海市,奉贤区,上海市奉贤区海思路500号,上海旅游高等专科学校
上海市,上海市,奉贤区,上海市奉贤区,上海应用技术大学
四川省,成都市,武侯区,四川省成都市武侯区望江路29号,四川大学
四川省,成都市,成华区,四川省成都市成华区二仙桥东三路1号,成都理工大学
四川省,成都市,武侯区,四川省成都市武侯区一环路南一段24号,电子科技大学
四川省,成都市,金牛区,四川省成都市金牛区二环路北一段111号,西南交通大学
四川省,成都市,青羊区,四川省成都市青羊区光华村街55号,西南财经大学
四川省,成都市,新都区,四川省成都市新都区新都大道981号,西南石油大学
四川省,成都市,温江区,四川省成都市温江区惠民路211号,四川农业大学
四川省,成都市,金牛区,四川省成都市金牛区十二桥路41号,成都中医药大学
四川省,成都市,锦江区,四川省成都市锦江区静安路5号,四川师范大学
四川省,成都市,双流区,四川省成都市双流区学府路一段24号,成都信息工程大学
四川省,成都市,武侯区,四川省成都市武侯区一环路南四段16号,西南民族大学
四川省,成都市,郫都区,四川省成都市郫都区中信大道二段1号,成都工业学院
四川省,成都市,龙泉驿区,四川省成都市龙泉驿区同安街道同策路3号,四川国际标榜职业学院
四川省,成都市,新津区,四川省成都市新津区白云路115号,成都艺术职业大学
四川省,成都市,金牛区,四川省成都市金牛区西华街道西华大道593号,四川电影电视学院
四川省,成都市,郫都区,四川省成都市郫都区合作街道西源大道1号,成都锦城学院
四川省,成都市,简阳市,四川省成都市简阳市成简大道二段123号,吉利学院
四川省,绵阳市,涪城区,四川省绵阳市涪城区青龙大道中段58号,西南科技大学
四川省,绵阳市,游仙区,四川省绵阳市游仙区绵阳师范学院北校区,绵阳师范学院
四川省,绵阳市,游仙区,四川省绵阳市游仙区小枧镇三星路11号,绵阳城市学院
四川省,绵阳市,游仙区,四川省绵阳市游仙区仙人路一段32号,绵阳职业技术学院
四川省,南充市,顺庆区,四川省南充市顺庆区师大路1号,西华师范大学
四川省,南充市,高坪区,四川省南充市高坪区江东中路336号,西华大学
四川省,南充市,顺庆区,四川省南充市顺庆区文化路234号,川北医学院
四川省,南充市,顺庆区,四川省南充市顺庆区宏发路94号,南充职业技术学院
四川省,泸州市,江阳区,四川省泸州市江阳区忠山路319号,西南医科大学
四川省,泸州市,龙马潭区,四川省泸州市龙马潭区长桥路2号,泸州职业技术学院
四川省,自贡市,自流井区,四川省自贡市自流井区汇东路2号,四川轻化工大学
四川省,攀枝花市,东区,四川省攀枝花市东区机场路10号,攀枝花学院
四川省,内江市,市中区,四川省内江市市中区东桐路705号,内江师范学院
四川省,德阳市,旌阳区,四川省德阳市旌阳区,四川工业科技学院
四川省,德阳市,旌阳区,四川省德阳市旌阳区,四川建筑职业技术学院
四川省,宜宾市,翠屏区,四川省宜宾市翠屏区,宜宾学院
四川省,达州市,通川区,四川省达州市通川区,四川文理学院
四川省,雅安市,名山区,四川省雅安市名山区永兴街道,雅安职业技术学院
四川省,甘孜藏族自治州,康定市,四川省甘孜藏族自治州康定市,四川民族学院
天津市,天津市,南开区,天津市南开区卫津路94号,南开大学
天津市,天津市,南开区,天津市南开区天津大学内,天津大学
天津市,天津市,南开区,天津市南开区天津中医药大学中院内,天津中医药大学
天津市,天津市,南开区,天津市南开区津静路22号,天津农学院
天津市,天津市,南开区,天津市南开区津静路26号,天津城建大学
天津市,天津市,和平区,天津市和平区气象台路22号,天津医科大学
天津市,天津市,和平区,天津市和平区马场道117号,天津外国语大学
天津市,天津市,和平区,天津市和平区珠江道25号,天津财经大学
天津市,天津市,和平区,天津市和平区天纬路4号,天津美术学院
天津市,天津市,和平区,天津市和平区天津音乐学院A座,天津音乐学院
天津市,天津市,河西区,天津市河西区天津师范大学内,天津师范大学
天津市,天津市,河西区,天津市河西区天津工业大学内,天津工业大学
天津市,天津市,河西区,天津市河西区天津理工大学内,天津理工大学
天津市,天津市,河西区,天津市河西区大沽南路,天津职业技术师范大学
天津市,天津市,河西区,天津市河西区柳林路14号,天津医学高等专科学校
天津市,天津市,滨海新区,天津市滨海新区天津科技大学泰达校区,天津科技大学
天津市,天津市,滨海新区,天津市滨海新区学府路634号,南开大学滨海学院
天津市,天津市,滨海新区,天津市滨海新区学府路60号,天津外国语大学滨海外事学院
天津市,天津市,滨海新区,天津市滨海新区雅深路2号,天津中德应用技术大学
天津市,天津市,滨海新区,天津市滨海新区第十一大街3号,天津海运职业学院
天津市,天津市,滨海新区,天津市滨海新区生物工程职业技术学院内,天津生物工程职业技术学院
天津市,天津市,滨海新区,天津市滨海新区滨海职业学院内,天津滨海职业学院
天津市,天津市,北辰区,天津市北辰区柳口路99号,天津理工大学中环信息学院
天津市,天津市,北辰区,天津市北辰区学海道38号,天津冶金职业技术学院
天津市,天津市,北辰区,天津市北辰区学海道38号,天津工业职业学院
天津市,天津市,西青区,天津市西青区宾水西道399号,天津商业大学
天津市,天津市,西青区,天津市西青区天津商业大学宝德学院A座,天津商业大学宝德学院
天津市,天津市,武清区,天津市武清区源泉路15号,天津天狮学院
天津市,天津市,静海区,天津市静海区杨成庄乡健康大道与昆明湖路交叉口西南200米,天津体育职业学院
天津市,天津市,宝坻区,天津市宝坻区盘山大道68号,天津传媒学院
天津市,天津市,滨海新区,天津市滨海新区京津新城,北京科技大学天津学院
天津市,天津市,滨海新区,天津市滨海新区京津新城祥瑞大街,天津财经大学珠江学院
天津市,天津市,河西区,天津市河西区西姜井村南路148号,天津广播影视职业学院
天津市,天津市,北辰区,天津市北辰区龙泉道2889号,天津城市建设管理职业技术学院
天津市,天津市,河西区,天津市河西区建昌道41号,天津工艺美术职业学院
天津市,天津市,河西区,天津市河西区建昌道21号,天津铁道职业技术学院
天津市,天津市,河西区,天津市河西区真理道27号,天津城市职业学院
天津市,天津市,静海区,天津市静海区团泊洼,天津石油职业技术学院
天津市,天津市,西青区,天津市西青区天津交通职业学院内,天津交通职业学院
天津市,天津市,河西区,天津市河西区娄山道27号,天津艺术职业学院
天津市,天津市,津南区,天津市津南区学苑路600号,天津国土资源和房屋职业学院
天津市,天津市,津南区,天津市津南区雅观路1号,天津轻工职业技术学院
天津市,天津市,东丽区,天津市东丽区精武镇,天津公安警官职业学院
天津市,天津市,津南区,天津市津南区雅观路3号,天津现代职业技术学院
天津市,天津市,津南区,天津市津南区海河教育园区内,天津机电职业技术学院
天津市,天津市,津南区,天津市津南区雅深路4号,天津电子信息职业技术学院
天津市,天津市,北辰区,天津市北辰区西堤头,天津渤海职业技术学院
天津市,天津市,北辰区,天津市北辰区志成路7号,天津市职业大学
天津市,天津市,滨海新区,天津市滨海新区幸福路51号,天津工程职业技术学院
天津市,天津市,津南区,天津市津南区葛沽镇创新二路36号,天津滨海汽车工程职业学院
天津市,天津市,东丽区,天津市东丽区军事交通学院路1号,军事交通学院
天津市,天津市,东丽区,天津市东丽区军粮城街道,武警后勤学院
天津市,天津市,东丽区,天津市东丽区军粮城街道,陆军军事交通学院
天津市,天津市,津南区,天津市津南区海河教育园区雅深路8号,天津仁爱学院
西藏自治区,拉萨市,城关区,西藏自治区拉萨市城关区北京中路10号,西藏大学
西藏自治区,拉萨市,城关区,西藏自治区拉萨市城关区林廓北路18号,西藏农牧学院
西藏自治区,拉萨市,城关区,西藏自治区拉萨市城关区当热中路10号,西藏藏医药大学
西藏自治区,拉萨市,城关区,西藏自治区拉萨市城关区藏大东路8号,西藏职业技术学院
西藏自治区,拉萨市,城关区,西藏自治区拉萨市城关区娘热北路25号,拉萨师范高等专科学校
香港特别行政区,香港,九龙塘,香港九龙塘达之路83号,香港城市大学
香港特别行政区,香港,沙田区,香港沙田区大学道,香港中文大学
新疆维吾尔自治区,乌鲁木齐市,沙依巴克区,新疆维吾尔自治区乌鲁木齐市沙依巴克区新医路393号,新疆大学
新疆维吾尔自治区,乌鲁木齐市,新市区,新疆维吾尔自治区乌鲁木齐市新市区西北路777号,新疆医科大学
新疆维吾尔自治区,乌鲁木齐市,沙依巴克区,新疆维吾尔自治区乌鲁木齐市沙依巴克区新医路393号,新疆师范大学
新疆维吾尔自治区,乌鲁木齐市,沙依巴克区,新疆维吾尔自治区乌鲁木齐市沙依巴克区农大东路311号,新疆农业大学
新疆维吾尔自治区,乌鲁木齐市,天山区,新疆维吾尔自治区乌鲁木齐市天山区新华北路789号,新疆财经大学
新疆维吾尔自治区,乌鲁木齐市,沙依巴克区,新疆维吾尔自治区乌鲁木齐市沙依巴克区西山新镇聚安路888号,新疆农业大学科学技术学院
新疆维吾尔自治区,乌鲁木齐市,天山区,新疆维吾尔自治区乌鲁木齐市天山区幸福路723号,乌鲁木齐职业大学
新疆维吾尔自治区,乌鲁木齐市,米东区,新疆维吾尔自治区乌鲁木齐市米东区卡子湾街道,新疆轻工职业技术学院
新疆维吾尔自治区,乌鲁木齐市,沙依巴克区,新疆维吾尔自治区乌鲁木齐市沙依巴克区南昌路160号,新疆工程学院
新疆维吾尔自治区,乌鲁木齐市,新市区,新疆维吾尔自治区乌鲁木齐市新市区长春中路226号,新疆政法学院
新疆维吾尔自治区,乌鲁木齐市,新市区,新疆维吾尔自治区乌鲁木齐市新市区河南路21号,新疆第二医学院
新疆维吾尔自治区,乌鲁木齐市,沙依巴克区,新疆维吾尔自治区乌鲁木齐市沙依巴克区科学路1号,新疆科技学院
新疆维吾尔自治区,乌鲁木齐市,沙依巴克区,新疆维吾尔自治区乌鲁木齐市沙依巴克区南昌路468号,新疆艺术学院
新疆维吾尔自治区,乌鲁木齐市,新市区,新疆维吾尔自治区乌鲁木齐市新市区长春南路1号,新疆交通职业技术学院
新疆维吾尔自治区,乌鲁木齐市,新市区,新疆维吾尔自治区乌鲁木齐市新市区长春中路458号,新疆建设职业技术学院
新疆维吾尔自治区,乌鲁木齐市,沙依巴克区,新疆维吾尔自治区乌鲁木齐市沙依巴克区南昌路399号,新疆农业职业技术大学
新疆维吾尔自治区,克拉玛依市,克拉玛依区,新疆维吾尔自治区克拉玛依市克拉玛依区安定路355号,中国石油大学(北京)克拉玛依校区
新疆维吾尔自治区,克拉玛依市,克拉玛依区,新疆维吾尔自治区克拉玛依市克拉玛依区南京路10号,克拉玛依职业技术学院
新疆维吾尔自治区,石河子市,石河子市,新疆维吾尔自治区石河子市北八路211号,石河子大学
新疆维吾尔自治区,阿拉尔市,阿拉尔市,新疆维吾尔自治区阿拉尔市南口路1号,塔里木大学
新疆维吾尔自治区,伊犁哈萨克自治州,伊宁市,新疆维吾尔自治区伊犁哈萨克自治州伊宁市解放西路448号,伊犁师范大学
新疆维吾尔自治区,伊犁哈萨克自治州,伊宁市,新疆维吾尔自治区伊犁哈萨克自治州伊宁市解放路106号,伊犁职业技术学院
新疆维吾尔自治区,喀什地区,喀什市,新疆维吾尔自治区喀什地区喀什市大学路1号,喀什大学
新疆维吾尔自治区,和田地区,和田市,新疆维吾尔自治区和田地区和田市肖尔巴格乡北京西路370号,新疆维吾尔医学专科学校
新疆维吾尔自治区,和田地区,和田市,新疆维吾尔自治区和田地区和田市北京西路287号,和田师范专科学校
新疆维吾尔自治区,昌吉回族自治州,昌吉市,新疆维吾尔自治区昌吉回族自治州昌吉市延安北路77号,昌吉学院
新疆维吾尔自治区,五家渠市,五家渠市,新疆维吾尔自治区五家渠市人民南路,新疆兵团警官高等专科学校
新疆维吾尔自治区,阿克苏地区,温宿县,新疆维吾尔自治区阿克苏地区温宿县托乎拉乡稻香路217号,新疆理工学院
新疆维吾尔自治区,乌鲁木齐市,新市区,新疆维吾尔自治区乌鲁木齐市新市区北京南路56号,新疆警察学院
新疆维吾尔自治区,乌鲁木齐市,新市区,新疆维吾尔自治区乌鲁木齐市新市区北京中路147号,新疆天山职业技术大学
云南省,昆明市,五华区,云南省昆明市五华区翠湖北路2号,云南大学
云南省,昆明市,五华区,云南省昆明市五华区一二一大街,昆明理工大学
云南省,昆明市,盘龙区,云南省昆明市盘龙区一二一大街298号,云南师范大学
云南省,昆明市,五华区,云南省昆明市五华区滇缅大道1168号,昆明医科大学
云南省,昆明市,盘龙区,云南省昆明市盘龙区金殿路253号,云南农业大学
云南省,昆明市,盘龙区,云南省昆明市盘龙区学府路2号,西南林业大学
云南省,昆明市,呈贡区,云南省昆明市呈贡区雨花路1号,云南民族大学
云南省,昆明市,五华区,云南省昆明市五华区,云南财经大学
云南省,昆明市,五华区,云南省昆明市五华区,云南中医药大学
云南省,昆明市,呈贡区,云南省昆明市呈贡区,昆明学院
云南省,昆明市,五华区,云南省昆明市五华区红云街道龙泉路岗头村627号,昆明文理学院
云南省,昆明市,嵩明县,云南省昆明市嵩明县杨林镇嵩明职教园区,昆明医科大学海源学院
云南省,昆明市,嵩明县,云南省昆明市嵩明县杨林镇嵩明职教园区,昆明城市学院
云南省,昆明市,五华区,云南省昆明市五华区,昆明理工大学津桥学院
云南省,昆明市,五华区,云南省昆明市五华区,云南经济管理学院
云南省,昆明市,五华区,云南省昆明市五华区,云南工商学院
云南省,昆明市,五华区,云南省昆明市五华区,云南艺术学院
云南省,昆明市,晋宁区,云南省昆明市晋宁区昆阳街道东凤路2005号,昆明卫生职业学院
云南省,昆明市,五华区,云南省昆明市五华区学府路388号,昆明冶金高等专科学校
云南省,昆明市,五华区,云南省昆明市五华区,云南工程职业学院
云南省,昆明市,五华区,云南省昆明市五华区黑林铺街道海源北路1268号,昆明艺术职业学院
云南省,昆明市,五华区,云南省昆明市五华区,云南国土资源职业学院
云南省,昆明市,五华区,云南省昆明市五华区,云南机电职业技术学院
云南省,昆明市,,云南省昆明市,昆明传媒学院
云南省,大理白族自治州,大理市,云南省大理白族自治州大理市下关万花路,大理大学
云南省,大理白族自治州,大理市,云南省大理白族自治州大理市,滇西应用技术大学
云南省,曲靖市,麒麟区,云南省曲靖市麒麟区三江大道222号,曲靖师范学院
云南省,曲靖市,麒麟区,云南省曲靖市麒麟区三江大道226号,曲靖医学高等专科学校
云南省,玉溪市,红塔区,云南省玉溪市红塔区凤凰路134号,玉溪师范学院
云南省,玉溪市,红塔区,云南省玉溪市红塔区向家庄41号,玉溪农业职业技术学院
云南省,保山市,隆阳区,云南省保山市隆阳区,保山学院
云南省,普洱市,思茅区,云南省普洱市思茅区学苑路6号,普洱学院
云南省,文山壮族苗族自治州,文山市,云南省文山壮族苗族自治州文山市学府路,文山学院
云南省,临沧市,临翔区,云南省临沧市临翔区忙畔街道学府路2号,滇西科技师范学院
云南省,昭通市,,云南省昭通市,昭通学院
云南省,丽江市,古城区,云南省丽江市古城区存信路与青山北路交叉口,丽江师范高等专科学校
云南省,丽江市,,云南省丽江市,丽江文化旅游学院
云南省,楚雄彝族自治州,楚雄市,云南省楚雄彝族自治州楚雄市东瓜镇,楚雄医药高等专科学校
云南省,红河哈尼族彝族自治州,蒙自市,云南省红河哈尼族彝族自治州蒙自市,红河学院
云南省,安宁市,,云南省安宁市金方街道体育路与钢河南路交叉口北100米,昆明工业职业技术学院
浙江省,杭州市,西湖区,浙江省杭州市西湖区余杭塘路866号,浙江大学
浙江省,杭州市,西湖区,浙江省杭州市西湖区留和路288号,浙江工业大学
浙江省,杭州市,江干区,浙江省杭州市江干区下沙高教园区2号大街928号,杭州电子科技大学
浙江省,杭州市,西湖区,浙江省杭州市西湖区留和路288号,浙江理工大学
浙江省,杭州市,余杭区,浙江省杭州市余杭区仓前街道余杭塘路2318号,杭州师范大学
浙江省,杭州市,下城区,浙江省杭州市下城区长寿路548号,中国计量大学
浙江省,杭州市,江干区,浙江省杭州市江干区学源街18号,浙江工商大学
浙江省,杭州市,临安区,浙江省杭州市临安区锦城街道武肃街666号,浙江农林大学
浙江省,杭州市,西湖区,浙江省杭州市西湖区学院路132号,浙江中医药大学
浙江省,杭州市,西湖区,浙江省杭州市西湖区学院路18号,浙江财经大学
浙江省,杭州市,拱墅区,浙江省杭州市拱墅区,浙大城市学院
浙江省,杭州市,西湖区,浙江省杭州市西湖区留和路318号,浙江科技大学
浙江省,杭州市,西湖区,浙江省杭州市西湖区转塘路288号,浙江传媒学院
浙江省,杭州市,西湖区,浙江省杭州市西湖区滨文路481号,杭州医学院
浙江省,杭州市,西湖区,浙江省杭州市西湖区文一西路555号,浙江警察学院
浙江省,杭州市,西湖区,浙江省杭州市西湖区,浙江水利水电学院
浙江省,杭州市,临安区,浙江省杭州市临安区,杭州电子科技大学信息工程学院
浙江省,杭州市,滨江区,浙江省杭州市滨江区滨文路548号,浙江中医药大学滨江学院
浙江省,杭州市,钱塘区,浙江省杭州市钱塘区学林街16号,杭州师范大学钱江学院
浙江省,杭州市,西湖区,浙江省杭州市西湖区,浙江工业大学之江学院
浙江省,杭州市,西湖区,浙江省杭州市西湖区,浙江财经大学东方学院
浙江省,杭州市,西湖区,浙江省杭州市西湖区,浙江树人学院
浙江省,杭州市,西湖区,浙江省杭州市西湖区,中国美术学院
浙江省,杭州市,西湖区,浙江省杭州市西湖区,浙江大学医学院
浙江省,杭州市,拱墅区,浙江省杭州市拱墅区万向职业技术学院内,杭州万向职业技术学院
浙江省,杭州市,拱墅区,浙江省杭州市拱墅区,浙江长征职业技术学院
浙江省,杭州市,西湖区,浙江省杭州市西湖区毛家桥路26号,杭州科技职业技术学院
浙江省,杭州市,西湖区,浙江省杭州市西湖区,浙江工业职业技术学院
浙江省,杭州市,西湖区,浙江省杭州市西湖区,浙江经济职业技术学院
浙江省,杭州市,西湖区,浙江省杭州市西湖区,浙江经贸职业技术学院
浙江省,杭州市,西湖区,浙江省杭州市西湖区,浙江建设职业技术学院
浙江省,杭州市,西湖区,浙江省杭州市西湖区,浙江旅游职业学院
浙江省,杭州市,西湖区,浙江省杭州市西湖区,浙江交通职业技术学院
浙江省,杭州市,西湖区,浙江省杭州市西湖区,浙江音乐学院
浙江省,宁波市,江北区,浙江省宁波市江北区风华路818号,宁波大学
浙江省,宁波市,鄞州区,浙江省宁波市鄞州区首南街道泰康东路19号,宁波诺丁汉大学
浙江省,宁波市,鄞州区,浙江省宁波市鄞州区首南街道高教园区,浙大宁波理工学院
浙江省,宁波市,江北区,浙江省宁波市江北区风华路201号,宁波工程学院
浙江省,宁波市,海曙区,浙江省宁波市海曙区,浙江万里学院
浙江省,宁波市,鄞州区,浙江省宁波市鄞州区中河街道高教园区,浙江药科职业大学
浙江省,宁波市,慈溪市,浙江省宁波市慈溪市白沙路街道西华头村,宁波大学科学技术学院
浙江省,宁波市,海曙区,浙江省宁波市海曙区高桥镇,宁波财经学院
浙江省,宁波市,鄞州区,浙江省宁波市鄞州区首南街道学府路9号,宁波城市职业技术学院
浙江省,宁波市,海曙区,浙江省宁波市海曙区,浙江工商职业技术学院
浙江省,温州市,鹿城区,浙江省温州市鹿城区学院西路268号,温州医科大学
浙江省,温州市,瓯海区,浙江省温州市瓯海区茶山高教园区,温州大学
浙江省,温州市,瓯海区,浙江省温州市瓯海区丽岙街道大学路88号,温州肯恩大学
浙江省,温州市,瓯海区,浙江省温州市瓯海区茶山街道,温州理工学院
浙江省,温州市,洞头区,浙江省温州市洞头区北岙街道海韵大道669号,温州医科大学仁济学院
浙江省,温州市,乐清市,浙江省温州市乐清市大荆镇湖口村,温州科技职业学院
浙江省,金华市,婺城区,浙江省金华市婺城区迎宾大道688号,浙江师范大学
浙江省,金华市,兰溪市,浙江省金华市兰溪市上华街道,浙江师范大学行知学院
浙江省,金华市,东阳市,浙江省金华市东阳市,浙江横店影视职业学院
浙江省,金华市,东阳市,浙江省金华市东阳市江北街道广福东街1号,浙江广厦建设职业技术大学
浙江省,金华市,金东区,浙江省金华市金东区环城南路99号,上海财经大学浙江学院
浙江省,金华市,婺城区,浙江省金华市婺城区李渔路1188号,金华职业技术大学
浙江省,嘉兴市,南湖区,浙江省嘉兴市南湖区,嘉兴大学
浙江省,嘉兴市,南湖区,浙江省嘉兴市南湖区新兴街道越秀南路572号,嘉兴南湖学院
浙江省,嘉兴市,嘉善县,浙江省嘉兴市嘉善县惠民街道东升路258号,同济大学浙江学院
浙江省,湖州市,吴兴区,浙江省湖州市吴兴区,湖州师范学院
浙江省,湖州市,吴兴区,浙江省湖州市吴兴区环渚街道学士路1号,湖州学院
浙江省,湖州市,吴兴区,浙江省湖州市吴兴区环渚街道学府路299号,湖州职业技术学院
浙江省,绍兴市,越城区,浙江省绍兴市越城区环城西路508号,绍兴文理学院
浙江省,绍兴市,柯桥区,浙江省绍兴市柯桥区,浙江外国语学院
浙江省,绍兴市,上虞区,浙江省绍兴市上虞区杭州湾上虞经济技术开发区康阳大道58号,浙江理工大学科技与艺术学院
浙江省,绍兴市,越城区,浙江省绍兴市越城区群贤中路2799号,绍兴文理学院元培学院
浙江省,绍兴市,诸暨市,浙江省绍兴市诸暨市暨阳街道浦阳路77号,浙江农林大学暨阳学院
浙江省,绍兴市,越城区,浙江省绍兴市越城区,绍兴职业技术学院
浙江省,舟山市,定海区,浙江省舟山市定海区临城街道海大南路1号,浙江海洋大学
浙江省,台州市,黄岩区,浙江省台州市黄岩区葭沚街道,台州学院
浙江省,台州市,黄岩区,浙江省台州市黄岩区嘉木路288号,台州科技职业学院
浙江省,台州市,路桥区,浙江省台州市路桥区金清镇金港大道1号,浙江汽车职业技术学院
浙江省,衢州市,柯城区,浙江省衢州市柯城区九华北大道78号,衢州学院
浙江省,丽水市,莲都区,浙江省丽水市莲都区文进街丽水学院西校区,丽水学院
浙江省,绍兴市,柯桥区,浙江省绍兴市柯桥区越秀路2号,浙江越秀外国语学院
浙江省,舟山市,定海区,浙江省舟山市定海区临城街道海大南路1号,公安海警学院
浙江省,杭州市,江干区,浙江省杭州市江干区下沙高教园区学源街88号,浙江机电职业技术大学
浙江省,舟山市,定海区,浙江省舟山市定海区临城街道海大南路1号,武警海警学院
重庆市,重庆市,沙坪坝区,重庆市沙坪坝区重庆大学内,重庆大学
重庆市,重庆市,沙坪坝区,重庆市沙坪坝区天生路2号,西南大学
重庆市,重庆市,沙坪坝区,重庆市沙坪坝区医学院路1号,重庆医科大学
重庆市,重庆市,沙坪坝区,重庆市沙坪坝区崇文路2号,重庆邮电大学
重庆市,重庆市,沙坪坝区,重庆市沙坪坝区天陈路12号,重庆师范大学
重庆市,重庆市,沙坪坝区,重庆市沙坪坝区学府大道19号,重庆工商大学
重庆市,重庆市,沙坪坝区,重庆市沙坪坝区壮志路33号,四川外国语大学
重庆市,重庆市,沙坪坝区,重庆市沙坪坝区大学城中路81号,重庆商务职业学院
重庆市,重庆市,沙坪坝区,重庆市沙坪坝区明德路3号,重庆建筑科技职业学院
重庆市,重庆市,沙坪坝区,重庆市沙坪坝区大学城中路82号,重庆医药高等专科学校
重庆市,重庆市,沙坪坝区,重庆市沙坪坝区黄桷坪正街108号,四川美术学院
重庆市,重庆市,渝北区,重庆市渝北区回兴镇宝圣大道301号,西南政法大学
重庆市,重庆市,巴南区,重庆市巴南区红光大道69号,重庆理工大学
重庆市,重庆市,巴南区,重庆市巴南区南山街道崇教路1号,重庆第二师范学院
重庆市,重庆市,巴南区,重庆市巴南区白鹤村15号,重庆工程学院
重庆市,重庆市,江津区,重庆市江津区聚龙大道98号,长江师范学院
重庆市,重庆市,江津区,重庆市江津区,重庆能源职业学院
重庆市,重庆市,合川区,重庆市合川区合师路143号,重庆工商大学派斯学院
重庆市,重庆市,合川区,重庆市合川区思源路15号,重庆工商职业学院
重庆市,重庆市,合川区,重庆市合川区草街街道,重庆人文科技学院
重庆市,重庆市,合川区,重庆市合川区大学园区思源路60号,重庆应用技术职业学院
重庆市,重庆市,永川区,重庆市永川区红河大道319号,重庆文理学院
重庆市,重庆市,万州区,重庆市万州区天星路666号,重庆三峡学院
重庆市,重庆市,涪陵区,重庆市涪陵区荔枝卫生院南行1500米,重庆工贸职业技术学院
重庆市,重庆市,大足区,重庆市大足区龙滩子街道龙星社区,重庆科技职业学院
重庆市,重庆市,沙坪坝区,重庆市沙坪坝区虎溪镇大学城,重庆科技大学
重庆市,重庆市,巴南区,重庆市巴南区黄金堡镇军事医学院,陆军军医大学
重庆市,重庆市,九龙坡区,重庆市九龙坡区杨家坪正街,解放军后勤工程学院
重庆市,重庆市,南岸区,重庆市南岸区南山街道,解放军重庆通信学院
重庆市,重庆市,巴南区,重庆市巴南区花溪街道,陆军勤务学院
重庆市,重庆市,南岸区,重庆市南岸区光彩大道368号,重庆城市科技学院
重庆市,重庆市,合川区,重庆市合川区学府路88号,重庆对外经贸学院
重庆市,重庆市,永川区,重庆市永川区尚文大道887号,重庆文化艺术职业学院
重庆市,重庆市,万州区,重庆市万州区天星路366号,重庆三峡医药高等专科学校
重庆市,重庆市,万州区,重庆市万州区安庆路583号,重庆安全技术职业学院
重庆市,重庆市,永川区,重庆市永川区昌州大道西段2号,重庆财经职业学院
重庆市,重庆市,永川区,重庆市永川区昌州大道东段801号,重庆水利电力职业技术学院
重庆市,重庆市,南岸区,重庆市南岸区滨江新城南北大道1号,重庆工程职业技术学院
重庆市,重庆市,沙坪坝区,重庆市沙坪坝区大学城南二路151号,重庆城市管理职业学院
重庆市,重庆市,璧山区,重庆市璧山区璧青北路1001号,重庆机电职业技术大学
重庆市,重庆市,万州区,重庆市万州区科龙路8号,重庆三峡职业学院
重庆市,重庆市,渝北区,重庆市渝北区中建村附近二一零国道边,重庆工业职业技术学院
重庆市,重庆市,沙坪坝区,重庆市沙坪坝区陈家桥大学城,重庆电子工程职业学院
重庆市,重庆市,南岸区,重庆市南岸区红石路255号,重庆航天职业技术学院
重庆市,重庆市,南岸区,重庆市南岸区电力四村9号,重庆电力高等专科学校
重庆市,重庆市,万州区,重庆市万州区学府一路1号,重庆旅游职业学院
重庆市,重庆市,合川区,重庆市合川区学府大道302号,重庆传媒职业学院
重庆市,重庆市,铜梁区,重庆市铜梁区巴川街道仙鱼社区居委会,重庆艺术工程职业学院
